PARAMETER,Scenario,REGION,TECHNOLOGY,FUEL,EMISSION,MODE_OF_OPERATION,YEAR,TIMESLICE,SEASON,DAYTYPE,DAILYTIMEBRACKET,STORAGE,Value
TotalTechnologyAnnualActivityUpperLimit,NDP,HON,IMP_ELE,,,,2018,,,,,,1.3528
TotalTechnologyAnnualActivityUpperLimit,NDP,HON,IMP_ELE,,,,2019,,,,,,0.943
TotalTechnologyAnnualActivityUpperLimit,NDP,HON,IMP_ELE,,,,2020,,,,,,1.0611
TotalTechnologyAnnualActivityUpperLimit,NDP,HON,IMP_ELE,,,,2021,,,,,,0.743
TotalTechnologyAnnualActivityUpperLimit,NDP,HON,IMP_ELE,,,,2022,,,,,,0.7093
TotalTechnologyAnnualActivityUpperLimit,NDP,HON,IMP_ELE,,,,2023,,,,,,0.7093
TotalTechnologyAnnualActivityUpperLimit,NDP,HON,IMP_ELE,,,,2024,,,,,,0.7093
TotalTechnologyAnnualActivityUpperLimit,NDP,HON,IMP_ELE,,,,2025,,,,,,0.7093
TotalTechnologyAnnualActivityUpperLimit,NDP,HON,IMP_ELE,,,,2026,,,,,,0.7093
TotalTechnologyAnnualActivityUpperLimit,NDP,HON,IMP_ELE,,,,2027,,,,,,0.7093
TotalTechnologyAnnualActivityUpperLimit,NDP,HON,IMP_ELE,,,,2028,,,,,,0.7093
TotalTechnologyAnnualActivityUpperLimit,NDP,HON,IMP_ELE,,,,2029,,,,,,0.7093
TotalTechnologyAnnualActivityUpperLimit,NDP,HON,IMP_ELE,,,,2030,,,,,,0.7093
TotalTechnologyAnnualActivityUpperLimit,NDP,HON,IMP_ELE,,,,2031,,,,,,0.7093
TotalTechnologyAnnualActivityUpperLimit,NDP,HON,IMP_ELE,,,,2032,,,,,,0.7093
TotalTechnologyAnnualActivityUpperLimit,NDP,HON,IMP_ELE,,,,2033,,,,,,0.7093
TotalTechnologyAnnualActivityUpperLimit,NDP,HON,IMP_ELE,,,,2034,,,,,,0.7093
TotalTechnologyAnnualActivityUpperLimit,NDP,HON,IMP_ELE,,,,2035,,,,,,0.7093
TotalTechnologyAnnualActivityUpperLimit,NDP,HON,IMP_ELE,,,,2036,,,,,,0.7093
TotalTechnologyAnnualActivityUpperLimit,NDP,HON,IMP_ELE,,,,2037,,,,,,0.7093
TotalTechnologyAnnualActivityUpperLimit,NDP,HON,IMP_ELE,,,,2038,,,,,,0.7093
TotalTechnologyAnnualActivityUpperLimit,NDP,HON,IMP_ELE,,,,2039,,,,,,0.7093
TotalTechnologyAnnualActivityUpperLimit,NDP,HON,IMP_ELE,,,,2040,,,,,,0.7093
TotalTechnologyAnnualActivityUpperLimit,NDP,HON,IMP_ELE,,,,2041,,,,,,0.7093
TotalTechnologyAnnualActivityUpperLimit,NDP,HON,IMP_ELE,,,,2042,,,,,,0.7093
TotalTechnologyAnnualActivityUpperLimit,NDP,HON,IMP_ELE,,,,2043,,,,,,0.7093
TotalTechnologyAnnualActivityUpperLimit,NDP,HON,IMP_ELE,,,,2044,,,,,,0.7093
TotalTechnologyAnnualActivityUpperLimit,NDP,HON,IMP_ELE,,,,2045,,,,,,0.7093
TotalTechnologyAnnualActivityUpperLimit,NDP,HON,IMP_ELE,,,,2046,,,,,,0.7093
TotalTechnologyAnnualActivityUpperLimit,NDP,HON,IMP_ELE,,,,2047,,,,,,0.7093
TotalTechnologyAnnualActivityUpperLimit,NDP,HON,IMP_ELE,,,,2048,,,,,,0.7093
TotalTechnologyAnnualActivityUpperLimit,NDP,HON,IMP_ELE,,,,2049,,,,,,0.7093
TotalTechnologyAnnualActivityUpperLimit,NDP,HON,IMP_ELE,,,,2050,,,,,,0.7093
TotalTechnologyAnnualActivityUpperLimit,NDP,HON,PPHDAM,,,,2018,,,,,,6.1688
TotalTechnologyAnnualActivityUpperLimit,NDP,HON,PPHDAM,,,,2019,,,,,,4.3275
TotalTechnologyAnnualActivityUpperLimit,NDP,HON,PPHDAM,,,,2020,,,,,,4.2977
TotalTechnologyAnnualActivityUpperLimit,NDP,HON,PPHDAM,,,,2021,,,,,,7.2631
TotalTechnologyAnnualActivityUpperLimit,NDP,HON,PPHDAM,,,,2022,,,,,,7.3901
TotalTechnologyAnnualActivityUpperLimit,NDP,HON,PPHDAM,,,,2023,,,,,,7.7992
TotalTechnologyAnnualActivityUpperLimit,NDP,HON,PPHDAM,,,,2024,,,,,,7.7992
TotalTechnologyAnnualActivityUpperLimit,NDP,HON,PPHDAM,,,,2025,,,,,,5.2
TotalTechnologyAnnualActivityUpperLimit,NDP,HON,PPHDAM,,,,2026,,,,,,5.95
TotalTechnologyAnnualActivityUpperLimit,NDP,HON,PPHDAM,,,,2027,,,,,,6.7
TotalTechnologyAnnualActivityUpperLimit,NDP,HON,PPHDAM,,,,2028,,,,,,7.45
TotalTechnologyAnnualActivityUpperLimit,NDP,HON,PPHDAM,,,,2029,,,,,,8.2
TotalTechnologyAnnualActivityUpperLimit,NDP,HON,PPHDAM,,,,2030,,,,,,8.95
TotalTechnologyAnnualActivityUpperLimit,NDP,HON,PPHDAM,,,,2031,,,,,,9.7
TotalTechnologyAnnualActivityUpperLimit,NDP,HON,PPHDAM,,,,2032,,,,,,10.45
TotalTechnologyAnnualActivityUpperLimit,NDP,HON,PPHDAM,,,,2033,,,,,,11.2
TotalTechnologyAnnualActivityUpperLimit,NDP,HON,PPHDAM,,,,2034,,,,,,11.2
TotalTechnologyAnnualActivityUpperLimit,NDP,HON,PPHDAM,,,,2035,,,,,,11.2
TotalTechnologyAnnualActivityUpperLimit,NDP,HON,PPHDAM,,,,2036,,,,,,11.2
TotalTechnologyAnnualActivityUpperLimit,NDP,HON,PPHDAM,,,,2037,,,,,,11.2
TotalTechnologyAnnualActivityUpperLimit,NDP,HON,PPHDAM,,,,2038,,,,,,11.2
TotalTechnologyAnnualActivityUpperLimit,NDP,HON,PPHDAM,,,,2039,,,,,,11.2
TotalTechnologyAnnualActivityUpperLimit,NDP,HON,PPHDAM,,,,2040,,,,,,11.2
TotalTechnologyAnnualActivityUpperLimit,NDP,HON,PPHDAM,,,,2041,,,,,,11.2
TotalTechnologyAnnualActivityUpperLimit,NDP,HON,PPHDAM,,,,2042,,,,,,11.2
TotalTechnologyAnnualActivityUpperLimit,NDP,HON,PPHDAM,,,,2043,,,,,,11.2
TotalTechnologyAnnualActivityUpperLimit,NDP,HON,PPHDAM,,,,2044,,,,,,11.2
TotalTechnologyAnnualActivityUpperLimit,NDP,HON,PPHDAM,,,,2045,,,,,,11.2
TotalTechnologyAnnualActivityUpperLimit,NDP,HON,PPHDAM,,,,2046,,,,,,11.2
TotalTechnologyAnnualActivityUpperLimit,NDP,HON,PPHDAM,,,,2047,,,,,,11.2
TotalTechnologyAnnualActivityUpperLimit,NDP,HON,PPHDAM,,,,2048,,,,,,11.2
TotalTechnologyAnnualActivityUpperLimit,NDP,HON,PPHDAM,,,,2049,,,,,,11.2
TotalTechnologyAnnualActivityUpperLimit,NDP,HON,PPHDAM,,,,2050,,,,,,11.2
TotalTechnologyAnnualActivityUpperLimit,NDP,HON,PPWNDON,,,,2018,,,,,,3.3499
TotalTechnologyAnnualActivityUpperLimit,NDP,HON,PPWNDON,,,,2019,,,,,,2.9497
TotalTechnologyAnnualActivityUpperLimit,NDP,HON,PPWNDON,,,,2020,,,,,,2.552
TotalTechnologyAnnualActivityUpperLimit,NDP,HON,PPWNDON,,,,2021,,,,,,2.7947
TotalTechnologyAnnualActivityUpperLimit,NDP,HON,PPWNDON,,,,2022,,,,,,2.4641
TotalTechnologyAnnualActivityUpperLimit,NDP,HON,PPWNDON,,,,2023,,,,,,3.0123
TotalTechnologyAnnualActivityUpperLimit,NDP,HON,PPWNDON,,,,2024,,,,,,3.0123
TotalTechnologyAnnualActivityUpperLimit,NDP,HON,PPWNDON,,,,2025,,,,,,3.0123
TotalTechnologyAnnualActivityUpperLimit,NDP,HON,PPWNDON,,,,2026,,,,,,3.0123
TotalTechnologyAnnualActivityUpperLimit,NDP,HON,PPWNDON,,,,2027,,,,,,3.6791
TotalTechnologyAnnualActivityUpperLimit,NDP,HON,PPWNDON,,,,2028,,,,,,4.3458
TotalTechnologyAnnualActivityUpperLimit,NDP,HON,PPWNDON,,,,2029,,,,,,5.0126
TotalTechnologyAnnualActivityUpperLimit,NDP,HON,PPWNDON,,,,2030,,,,,,5.6794
TotalTechnologyAnnualActivityUpperLimit,NDP,HON,PPWNDON,,,,2031,,,,,,6.3461
TotalTechnologyAnnualActivityUpperLimit,NDP,HON,PPWNDON,,,,2032,,,,,,7.0129
TotalTechnologyAnnualActivityUpperLimit,NDP,HON,PPWNDON,,,,2033,,,,,,7.6796
TotalTechnologyAnnualActivityUpperLimit,NDP,HON,PPWNDON,,,,2034,,,,,,99999.0
TotalTechnologyAnnualActivityUpperLimit,NDP,HON,PPWNDON,,,,2035,,,,,,99999.0
TotalTechnologyAnnualActivityUpperLimit,NDP,HON,PPWNDON,,,,2036,,,,,,99999.0
TotalTechnologyAnnualActivityUpperLimit,NDP,HON,PPWNDON,,,,2037,,,,,,99999.0
TotalTechnologyAnnualActivityUpperLimit,NDP,HON,PPWNDON,,,,2038,,,,,,99999.0
TotalTechnologyAnnualActivityUpperLimit,NDP,HON,PPWNDON,,,,2039,,,,,,99999.0
TotalTechnologyAnnualActivityUpperLimit,NDP,HON,PPWNDON,,,,2040,,,,,,99999.0
TotalTechnologyAnnualActivityUpperLimit,NDP,HON,PPWNDON,,,,2041,,,,,,99999.0
TotalTechnologyAnnualActivityUpperLimit,NDP,HON,PPWNDON,,,,2042,,,,,,99999.0
TotalTechnologyAnnualActivityUpperLimit,NDP,HON,PPWNDON,,,,2043,,,,,,99999.0
TotalTechnologyAnnualActivityUpperLimit,NDP,HON,PPWNDON,,,,2044,,,,,,99999.0
TotalTechnologyAnnualActivityUpperLimit,NDP,HON,PPWNDON,,,,2045,,,,,,99999.0
TotalTechnologyAnnualActivityUpperLimit,NDP,HON,PPWNDON,,,,2046,,,,,,99999.0
TotalTechnologyAnnualActivityUpperLimit,NDP,HON,PPWNDON,,,,2047,,,,,,99999.0
TotalTechnologyAnnualActivityUpperLimit,NDP,HON,PPWNDON,,,,2048,,,,,,99999.0
TotalTechnologyAnnualActivityUpperLimit,NDP,HON,PPWNDON,,,,2049,,,,,,99999.0
TotalTechnologyAnnualActivityUpperLimit,NDP,HON,PPWNDON,,,,2050,,,,,,99999.0
TotalTechnologyAnnualActivityUpperLimit,NDP,HON,PPPVT,,,,2018,,,,,,99999.0
TotalTechnologyAnnualActivityUpperLimit,NDP,HON,PPPVT,,,,2019,,,,,,99999.0
TotalTechnologyAnnualActivityUpperLimit,NDP,HON,PPPVT,,,,2020,,,,,,99999.0
TotalTechnologyAnnualActivityUpperLimit,NDP,HON,PPPVT,,,,2021,,,,,,99999.0
TotalTechnologyAnnualActivityUpperLimit,NDP,HON,PPPVT,,,,2022,,,,,,99999.0
TotalTechnologyAnnualActivityUpperLimit,NDP,HON,PPPVT,,,,2023,,,,,,99999.0
TotalTechnologyAnnualActivityUpperLimit,NDP,HON,PPPVT,,,,2024,,,,,,99999.0
TotalTechnologyAnnualActivityUpperLimit,NDP,HON,PPPVT,,,,2025,,,,,,99999.0
TotalTechnologyAnnualActivityUpperLimit,NDP,HON,PPPVT,,,,2026,,,,,,99999.0
TotalTechnologyAnnualActivityUpperLimit,NDP,HON,PPPVT,,,,2027,,,,,,99999.0
TotalTechnologyAnnualActivityUpperLimit,NDP,HON,PPPVT,,,,2028,,,,,,99999.0
TotalTechnologyAnnualActivityUpperLimit,NDP,HON,PPPVT,,,,2029,,,,,,99999.0
TotalTechnologyAnnualActivityUpperLimit,NDP,HON,PPPVT,,,,2030,,,,,,99999.0
TotalTechnologyAnnualActivityUpperLimit,NDP,HON,PPPVT,,,,2031,,,,,,5.1
TotalTechnologyAnnualActivityUpperLimit,NDP,HON,PPPVT,,,,2032,,,,,,99999.0
TotalTechnologyAnnualActivityUpperLimit,NDP,HON,PPPVT,,,,2033,,,,,,99999.0
TotalTechnologyAnnualActivityUpperLimit,NDP,HON,PPPVT,,,,2034,,,,,,99999.0
TotalTechnologyAnnualActivityUpperLimit,NDP,HON,PPPVT,,,,2035,,,,,,99999.0
TotalTechnologyAnnualActivityUpperLimit,NDP,HON,PPPVT,,,,2036,,,,,,99999.0
TotalTechnologyAnnualActivityUpperLimit,NDP,HON,PPPVT,,,,2037,,,,,,99999.0
TotalTechnologyAnnualActivityUpperLimit,NDP,HON,PPPVT,,,,2038,,,,,,99999.0
TotalTechnologyAnnualActivityUpperLimit,NDP,HON,PPPVT,,,,2039,,,,,,99999.0
TotalTechnologyAnnualActivityUpperLimit,NDP,HON,PPPVT,,,,2040,,,,,,99999.0
TotalTechnologyAnnualActivityUpperLimit,NDP,HON,PPPVT,,,,2041,,,,,,99999.0
TotalTechnologyAnnualActivityUpperLimit,NDP,HON,PPPVT,,,,2042,,,,,,99999.0
TotalTechnologyAnnualActivityUpperLimit,NDP,HON,PPPVT,,,,2043,,,,,,99999.0
TotalTechnologyAnnualActivityUpperLimit,NDP,HON,PPPVT,,,,2044,,,,,,99999.0
TotalTechnologyAnnualActivityUpperLimit,NDP,HON,PPPVT,,,,2045,,,,,,99999.0
TotalTechnologyAnnualActivityUpperLimit,NDP,HON,PPPVT,,,,2046,,,,,,99999.0
TotalTechnologyAnnualActivityUpperLimit,NDP,HON,PPPVT,,,,2047,,,,,,99999.0
TotalTechnologyAnnualActivityUpperLimit,NDP,HON,PPPVT,,,,2048,,,,,,99999.0
TotalTechnologyAnnualActivityUpperLimit,NDP,HON,PPPVT,,,,2049,,,,,,99999.0
TotalTechnologyAnnualActivityUpperLimit,NDP,HON,PPPVT,,,,2050,,,,,,99999.0
TotalTechnologyAnnualActivityUpperLimit,NDP,HON,PPWNDD,,,,2018,,,,,,0.0503
TotalTechnologyAnnualActivityUpperLimit,NDP,HON,PPWNDD,,,,2019,,,,,,0.0503
TotalTechnologyAnnualActivityUpperLimit,NDP,HON,PPWNDD,,,,2020,,,,,,0.053
TotalTechnologyAnnualActivityUpperLimit,NDP,HON,PPWNDD,,,,2021,,,,,,0.053
TotalTechnologyAnnualActivityUpperLimit,NDP,HON,PPWNDD,,,,2022,,,,,,0.0556
TotalTechnologyAnnualActivityUpperLimit,NDP,HON,PPWNDD,,,,2023,,,,,,0.0768
TotalTechnologyAnnualActivityUpperLimit,NDP,HON,PPWNDD,,,,2024,,,,,,0.0768
TotalTechnologyAnnualActivityUpperLimit,NDP,HON,PPWNDD,,,,2025,,,,,,0.0768
TotalTechnologyAnnualActivityUpperLimit,NDP,HON,PPWNDD,,,,2026,,,,,,0.0768
TotalTechnologyAnnualActivityUpperLimit,NDP,HON,PPWNDD,,,,2027,,,,,,0.0768
TotalTechnologyAnnualActivityUpperLimit,NDP,HON,PPWNDD,,,,2028,,,,,,0.0768
TotalTechnologyAnnualActivityUpperLimit,NDP,HON,PPWNDD,,,,2029,,,,,,0.0768
TotalTechnologyAnnualActivityUpperLimit,NDP,HON,PPWNDD,,,,2030,,,,,,0.0768
TotalTechnologyAnnualActivityUpperLimit,NDP,HON,PPWNDD,,,,2031,,,,,,0.0768
TotalTechnologyAnnualActivityUpperLimit,NDP,HON,PPWNDD,,,,2032,,,,,,0.0768
TotalTechnologyAnnualActivityUpperLimit,NDP,HON,PPWNDD,,,,2033,,,,,,0.0768
TotalTechnologyAnnualActivityUpperLimit,NDP,HON,PPWNDD,,,,2034,,,,,,0.0768
TotalTechnologyAnnualActivityUpperLimit,NDP,HON,PPWNDD,,,,2035,,,,,,0.0768
TotalTechnologyAnnualActivityUpperLimit,NDP,HON,PPWNDD,,,,2036,,,,,,0.0768
TotalTechnologyAnnualActivityUpperLimit,NDP,HON,PPWNDD,,,,2037,,,,,,0.0768
TotalTechnologyAnnualActivityUpperLimit,NDP,HON,PPWNDD,,,,2038,,,,,,0.0768
TotalTechnologyAnnualActivityUpperLimit,NDP,HON,PPWNDD,,,,2039,,,,,,0.0768
TotalTechnologyAnnualActivityUpperLimit,NDP,HON,PPWNDD,,,,2040,,,,,,0.0768
TotalTechnologyAnnualActivityUpperLimit,NDP,HON,PPWNDD,,,,2041,,,,,,0.0768
TotalTechnologyAnnualActivityUpperLimit,NDP,HON,PPWNDD,,,,2042,,,,,,0.0768
TotalTechnologyAnnualActivityUpperLimit,NDP,HON,PPWNDD,,,,2043,,,,,,0.0768
TotalTechnologyAnnualActivityUpperLimit,NDP,HON,PPWNDD,,,,2044,,,,,,0.0768
TotalTechnologyAnnualActivityUpperLimit,NDP,HON,PPWNDD,,,,2045,,,,,,0.0768
TotalTechnologyAnnualActivityUpperLimit,NDP,HON,PPWNDD,,,,2046,,,,,,0.0768
TotalTechnologyAnnualActivityUpperLimit,NDP,HON,PPWNDD,,,,2047,,,,,,0.0768
TotalTechnologyAnnualActivityUpperLimit,NDP,HON,PPWNDD,,,,2048,,,,,,0.0768
TotalTechnologyAnnualActivityUpperLimit,NDP,HON,PPWNDD,,,,2049,,,,,,0.0768
TotalTechnologyAnnualActivityUpperLimit,NDP,HON,PPWNDD,,,,2050,,,,,,0.0768
TotalTechnologyAnnualActivityUpperLimit,NDP,HON,PPPVDS,,,,2018,,,,,,0.0
TotalTechnologyAnnualActivityUpperLimit,NDP,HON,PPPVDS,,,,2019,,,,,,0.0
TotalTechnologyAnnualActivityUpperLimit,NDP,HON,PPPVDS,,,,2020,,,,,,0.0
TotalTechnologyAnnualActivityUpperLimit,NDP,HON,PPPVDS,,,,2021,,,,,,0.0091
TotalTechnologyAnnualActivityUpperLimit,NDP,HON,PPPVDS,,,,2022,,,,,,0.0099
TotalTechnologyAnnualActivityUpperLimit,NDP,HON,PPPVDS,,,,2023,,,,,,0.0099
TotalTechnologyAnnualActivityUpperLimit,NDP,HON,PPPVDS,,,,2024,,,,,,0.0099
TotalTechnologyAnnualActivityUpperLimit,NDP,HON,PPPVDS,,,,2025,,,,,,0.0099
TotalTechnologyAnnualActivityUpperLimit,NDP,HON,PPPVDS,,,,2026,,,,,,0.0099
TotalTechnologyAnnualActivityUpperLimit,NDP,HON,PPPVDS,,,,2027,,,,,,0.0099
TotalTechnologyAnnualActivityUpperLimit,NDP,HON,PPPVDS,,,,2028,,,,,,0.0099
TotalTechnologyAnnualActivityUpperLimit,NDP,HON,PPPVDS,,,,2029,,,,,,0.0099
TotalTechnologyAnnualActivityUpperLimit,NDP,HON,PPPVDS,,,,2030,,,,,,0.0099
TotalTechnologyAnnualActivityUpperLimit,NDP,HON,PPPVDS,,,,2031,,,,,,0.0099
TotalTechnologyAnnualActivityUpperLimit,NDP,HON,PPPVDS,,,,2032,,,,,,0.0099
TotalTechnologyAnnualActivityUpperLimit,NDP,HON,PPPVDS,,,,2033,,,,,,0.0099
TotalTechnologyAnnualActivityUpperLimit,NDP,HON,PPPVDS,,,,2034,,,,,,0.0099
TotalTechnologyAnnualActivityUpperLimit,NDP,HON,PPPVDS,,,,2035,,,,,,0.0099
TotalTechnologyAnnualActivityUpperLimit,NDP,HON,PPPVDS,,,,2036,,,,,,0.0099
TotalTechnologyAnnualActivityUpperLimit,NDP,HON,PPPVDS,,,,2037,,,,,,0.0099
TotalTechnologyAnnualActivityUpperLimit,NDP,HON,PPPVDS,,,,2038,,,,,,0.0099
TotalTechnologyAnnualActivityUpperLimit,NDP,HON,PPPVDS,,,,2039,,,,,,0.0099
TotalTechnologyAnnualActivityUpperLimit,NDP,HON,PPPVDS,,,,2040,,,,,,0.0099
TotalTechnologyAnnualActivityUpperLimit,NDP,HON,PPPVDS,,,,2041,,,,,,0.0099
TotalTechnologyAnnualActivityUpperLimit,NDP,HON,PPPVDS,,,,2042,,,,,,0.0099
TotalTechnologyAnnualActivityUpperLimit,NDP,HON,PPPVDS,,,,2043,,,,,,0.0099
TotalTechnologyAnnualActivityUpperLimit,NDP,HON,PPPVDS,,,,2044,,,,,,0.0099
TotalTechnologyAnnualActivityUpperLimit,NDP,HON,PPPVDS,,,,2045,,,,,,0.0099
TotalTechnologyAnnualActivityUpperLimit,NDP,HON,PPPVDS,,,,2046,,,,,,0.0099
TotalTechnologyAnnualActivityUpperLimit,NDP,HON,PPPVDS,,,,2047,,,,,,0.0099
TotalTechnologyAnnualActivityUpperLimit,NDP,HON,PPPVDS,,,,2048,,,,,,0.0099
TotalTechnologyAnnualActivityUpperLimit,NDP,HON,PPPVDS,,,,2049,,,,,,0.0099
TotalTechnologyAnnualActivityUpperLimit,NDP,HON,PPPVDS,,,,2050,,,,,,0.0099
TotalTechnologyAnnualActivityUpperLimit,NDP,HON,PPCOA,,,,2018,,,,,,0.0
TotalTechnologyAnnualActivityUpperLimit,NDP,HON,PPCOA,,,,2019,,,,,,0.0
TotalTechnologyAnnualActivityUpperLimit,NDP,HON,PPCOA,,,,2020,,,,,,0.0
TotalTechnologyAnnualActivityUpperLimit,NDP,HON,PPCOA,,,,2021,,,,,,0.0
TotalTechnologyAnnualActivityUpperLimit,NDP,HON,PPCOA,,,,2022,,,,,,0.0
TotalTechnologyAnnualActivityUpperLimit,NDP,HON,PPCOA,,,,2023,,,,,,0.0
TotalTechnologyAnnualActivityUpperLimit,NDP,HON,PPCOA,,,,2024,,,,,,0.0
TotalTechnologyAnnualActivityUpperLimit,NDP,HON,PPCOA,,,,2025,,,,,,0.0
TotalTechnologyAnnualActivityUpperLimit,NDP,HON,PPCOA,,,,2026,,,,,,0.0
TotalTechnologyAnnualActivityUpperLimit,NDP,HON,PPCOA,,,,2027,,,,,,0.0
TotalTechnologyAnnualActivityUpperLimit,NDP,HON,PPCOA,,,,2028,,,,,,0.0
TotalTechnologyAnnualActivityUpperLimit,NDP,HON,PPCOA,,,,2029,,,,,,0.0
TotalTechnologyAnnualActivityUpperLimit,NDP,HON,PPCOA,,,,2030,,,,,,0.0
TotalTechnologyAnnualActivityUpperLimit,NDP,HON,PPCOA,,,,2031,,,,,,0.0
TotalTechnologyAnnualActivityUpperLimit,NDP,HON,PPCOA,,,,2032,,,,,,0.0
TotalTechnologyAnnualActivityUpperLimit,NDP,HON,PPCOA,,,,2033,,,,,,0.0
TotalTechnologyAnnualActivityUpperLimit,NDP,HON,PPCOA,,,,2034,,,,,,0.0
TotalTechnologyAnnualActivityUpperLimit,NDP,HON,PPCOA,,,,2035,,,,,,0.0
TotalTechnologyAnnualActivityUpperLimit,NDP,HON,PPCOA,,,,2036,,,,,,0.0
TotalTechnologyAnnualActivityUpperLimit,NDP,HON,PPCOA,,,,2037,,,,,,0.0
TotalTechnologyAnnualActivityUpperLimit,NDP,HON,PPCOA,,,,2038,,,,,,0.0
TotalTechnologyAnnualActivityUpperLimit,NDP,HON,PPCOA,,,,2039,,,,,,0.0
TotalTechnologyAnnualActivityUpperLimit,NDP,HON,PPCOA,,,,2040,,,,,,0.0
TotalTechnologyAnnualActivityUpperLimit,NDP,HON,PPCOA,,,,2041,,,,,,0.0
TotalTechnologyAnnualActivityUpperLimit,NDP,HON,PPCOA,,,,2042,,,,,,0.0
TotalTechnologyAnnualActivityUpperLimit,NDP,HON,PPCOA,,,,2043,,,,,,0.0
TotalTechnologyAnnualActivityUpperLimit,NDP,HON,PPCOA,,,,2044,,,,,,0.0
TotalTechnologyAnnualActivityUpperLimit,NDP,HON,PPCOA,,,,2045,,,,,,0.0
TotalTechnologyAnnualActivityUpperLimit,NDP,HON,PPCOA,,,,2046,,,,,,0.0
TotalTechnologyAnnualActivityUpperLimit,NDP,HON,PPCOA,,,,2047,,,,,,0.0
TotalTechnologyAnnualActivityUpperLimit,NDP,HON,PPCOA,,,,2048,,,,,,0.0
TotalTechnologyAnnualActivityUpperLimit,NDP,HON,PPCOA,,,,2049,,,,,,0.0
TotalTechnologyAnnualActivityUpperLimit,NDP,HON,PPCOA,,,,2050,,,,,,0.0
TotalTechnologyAnnualActivityUpperLimit,NDP,HON,PPFOI,,,,2018,,,,,,9.1959
TotalTechnologyAnnualActivityUpperLimit,NDP,HON,PPFOI,,,,2019,,,,,,13.4688
TotalTechnologyAnnualActivityUpperLimit,NDP,HON,PPFOI,,,,2020,,,,,,12.1547
TotalTechnologyAnnualActivityUpperLimit,NDP,HON,PPFOI,,,,2021,,,,,,11.7779
TotalTechnologyAnnualActivityUpperLimit,NDP,HON,PPFOI,,,,2022,,,,,,12.8683
TotalTechnologyAnnualActivityUpperLimit,NDP,HON,PPFOI,,,,2023,,,,,,12.892
TotalTechnologyAnnualActivityUpperLimit,NDP,HON,PPFOI,,,,2024,,,,,,13.8706
TotalTechnologyAnnualActivityUpperLimit,NDP,HON,PPFOI,,,,2025,,,,,,12.1368
TotalTechnologyAnnualActivityUpperLimit,NDP,HON,PPFOI,,,,2026,,,,,,10.403
TotalTechnologyAnnualActivityUpperLimit,NDP,HON,PPFOI,,,,2027,,,,,,8.6691
TotalTechnologyAnnualActivityUpperLimit,NDP,HON,PPFOI,,,,2028,,,,,,9.4575
TotalTechnologyAnnualActivityUpperLimit,NDP,HON,PPFOI,,,,2029,,,,,,9.4575
TotalTechnologyAnnualActivityUpperLimit,NDP,HON,PPFOI,,,,2030,,,,,,9.4575
TotalTechnologyAnnualActivityUpperLimit,NDP,HON,PPFOI,,,,2031,,,,,,9.4575
TotalTechnologyAnnualActivityUpperLimit,NDP,HON,PPFOI,,,,2032,,,,,,9.4575
TotalTechnologyAnnualActivityUpperLimit,NDP,HON,PPFOI,,,,2033,,,,,,9.4575
TotalTechnologyAnnualActivityUpperLimit,NDP,HON,PPFOI,,,,2034,,,,,,9.4575
TotalTechnologyAnnualActivityUpperLimit,NDP,HON,PPFOI,,,,2035,,,,,,9.4575
TotalTechnologyAnnualActivityUpperLimit,NDP,HON,PPFOI,,,,2036,,,,,,9.4575
TotalTechnologyAnnualActivityUpperLimit,NDP,HON,PPFOI,,,,2037,,,,,,9.4575
TotalTechnologyAnnualActivityUpperLimit,NDP,HON,PPFOI,,,,2038,,,,,,9.4575
TotalTechnologyAnnualActivityUpperLimit,NDP,HON,PPFOI,,,,2039,,,,,,9.4575
TotalTechnologyAnnualActivityUpperLimit,NDP,HON,PPFOI,,,,2040,,,,,,9.4575
TotalTechnologyAnnualActivityUpperLimit,NDP,HON,PPFOI,,,,2041,,,,,,9.4575
TotalTechnologyAnnualActivityUpperLimit,NDP,HON,PPFOI,,,,2042,,,,,,9.4575
TotalTechnologyAnnualActivityUpperLimit,NDP,HON,PPFOI,,,,2043,,,,,,9.4575
TotalTechnologyAnnualActivityUpperLimit,NDP,HON,PPFOI,,,,2044,,,,,,9.4575
TotalTechnologyAnnualActivityUpperLimit,NDP,HON,PPFOI,,,,2045,,,,,,9.4575
TotalTechnologyAnnualActivityUpperLimit,NDP,HON,PPFOI,,,,2046,,,,,,9.4575
TotalTechnologyAnnualActivityUpperLimit,NDP,HON,PPFOI,,,,2047,,,,,,9.4575
TotalTechnologyAnnualActivityUpperLimit,NDP,HON,PPFOI,,,,2048,,,,,,9.4575
TotalTechnologyAnnualActivityUpperLimit,NDP,HON,PPFOI,,,,2049,,,,,,9.4575
TotalTechnologyAnnualActivityUpperLimit,NDP,HON,PPFOI,,,,2050,,,,,,9.4575
TotalTechnologyAnnualActivityUpperLimit,NDP,HON,PPGTGLP,,,,2018,,,,,,0.0
TotalTechnologyAnnualActivityUpperLimit,NDP,HON,PPGTGLP,,,,2019,,,,,,0.0
TotalTechnologyAnnualActivityUpperLimit,NDP,HON,PPGTGLP,,,,2020,,,,,,0.0
TotalTechnologyAnnualActivityUpperLimit,NDP,HON,PPGTGLP,,,,2021,,,,,,0.0
TotalTechnologyAnnualActivityUpperLimit,NDP,HON,PPGTGLP,,,,2022,,,,,,0.0
TotalTechnologyAnnualActivityUpperLimit,NDP,HON,PPGTGLP,,,,2023,,,,,,0.0
TotalTechnologyAnnualActivityUpperLimit,NDP,HON,PPGTGLP,,,,2024,,,,,,1.7881
TotalTechnologyAnnualActivityUpperLimit,NDP,HON,PPGTGLP,,,,2025,,,,,,1.7881
TotalTechnologyAnnualActivityUpperLimit,NDP,HON,PPGTGLP,,,,2026,,,,,,1.7881
TotalTechnologyAnnualActivityUpperLimit,NDP,HON,PPGTGLP,,,,2027,,,,,,1.7881
TotalTechnologyAnnualActivityUpperLimit,NDP,HON,PPGTGLP,,,,2028,,,,,,0.0
TotalTechnologyAnnualActivityUpperLimit,NDP,HON,PPGTGLP,,,,2029,,,,,,0.0
TotalTechnologyAnnualActivityUpperLimit,NDP,HON,PPGTGLP,,,,2030,,,,,,0.0
TotalTechnologyAnnualActivityUpperLimit,NDP,HON,PPGTGLP,,,,2031,,,,,,0.0
TotalTechnologyAnnualActivityUpperLimit,NDP,HON,PPGTGLP,,,,2032,,,,,,0.0
TotalTechnologyAnnualActivityUpperLimit,NDP,HON,PPGTGLP,,,,2033,,,,,,0.0
TotalTechnologyAnnualActivityUpperLimit,NDP,HON,PPGTGLP,,,,2034,,,,,,0.0
TotalTechnologyAnnualActivityUpperLimit,NDP,HON,PPGTGLP,,,,2035,,,,,,0.0
TotalTechnologyAnnualActivityUpperLimit,NDP,HON,PPGTGLP,,,,2036,,,,,,0.0
TotalTechnologyAnnualActivityUpperLimit,NDP,HON,PPGTGLP,,,,2037,,,,,,0.0
TotalTechnologyAnnualActivityUpperLimit,NDP,HON,PPGTGLP,,,,2038,,,,,,0.0
TotalTechnologyAnnualActivityUpperLimit,NDP,HON,PPGTGLP,,,,2039,,,,,,0.0
TotalTechnologyAnnualActivityUpperLimit,NDP,HON,PPGTGLP,,,,2040,,,,,,0.0
TotalTechnologyAnnualActivityUpperLimit,NDP,HON,PPGTGLP,,,,2041,,,,,,0.0
TotalTechnologyAnnualActivityUpperLimit,NDP,HON,PPGTGLP,,,,2042,,,,,,0.0
TotalTechnologyAnnualActivityUpperLimit,NDP,HON,PPGTGLP,,,,2043,,,,,,0.0
TotalTechnologyAnnualActivityUpperLimit,NDP,HON,PPGTGLP,,,,2044,,,,,,0.0
TotalTechnologyAnnualActivityUpperLimit,NDP,HON,PPGTGLP,,,,2045,,,,,,0.0
TotalTechnologyAnnualActivityUpperLimit,NDP,HON,PPGTGLP,,,,2046,,,,,,0.0
TotalTechnologyAnnualActivityUpperLimit,NDP,HON,PPGTGLP,,,,2047,,,,,,0.0
TotalTechnologyAnnualActivityUpperLimit,NDP,HON,PPGTGLP,,,,2048,,,,,,0.0
TotalTechnologyAnnualActivityUpperLimit,NDP,HON,PPGTGLP,,,,2049,,,,,,0.0
TotalTechnologyAnnualActivityUpperLimit,NDP,HON,PPGTGLP,,,,2050,,,,,,0.0
TotalTechnologyAnnualActivityUpperLimit,NDP,HON,LU_OTR,,,,2018,,,,,,0.2502
TotalTechnologyAnnualActivityUpperLimit,NDP,HON,LU_OTR,,,,2019,,,,,,0.2603
TotalTechnologyAnnualActivityUpperLimit,NDP,HON,LU_OTR,,,,2020,,,,,,0.2603
TotalTechnologyAnnualActivityUpperLimit,NDP,HON,LU_OTR,,,,2021,,,,,,0.253
TotalTechnologyAnnualActivityUpperLimit,NDP,HON,LU_OTR,,,,2022,,,,,,0.253
TotalTechnologyAnnualActivityUpperLimit,NDP,HON,LU_OTR,,,,2023,,,,,,0.253
TotalTechnologyAnnualActivityUpperLimit,NDP,HON,LU_OTR,,,,2024,,,,,,0.253
TotalTechnologyAnnualActivityUpperLimit,NDP,HON,LU_OTR,,,,2025,,,,,,0.253
TotalTechnologyAnnualActivityUpperLimit,NDP,HON,LU_OTR,,,,2026,,,,,,0.253
TotalTechnologyAnnualActivityUpperLimit,NDP,HON,LU_OTR,,,,2027,,,,,,0.253
TotalTechnologyAnnualActivityUpperLimit,NDP,HON,LU_OTR,,,,2028,,,,,,0.253
TotalTechnologyAnnualActivityUpperLimit,NDP,HON,LU_OTR,,,,2029,,,,,,0.253
TotalTechnologyAnnualActivityUpperLimit,NDP,HON,LU_OTR,,,,2030,,,,,,0.253
TotalTechnologyAnnualActivityUpperLimit,NDP,HON,LU_OTR,,,,2031,,,,,,0.253
TotalTechnologyAnnualActivityUpperLimit,NDP,HON,LU_OTR,,,,2032,,,,,,0.253
TotalTechnologyAnnualActivityUpperLimit,NDP,HON,LU_OTR,,,,2033,,,,,,0.253
TotalTechnologyAnnualActivityUpperLimit,NDP,HON,LU_OTR,,,,2034,,,,,,0.253
TotalTechnologyAnnualActivityUpperLimit,NDP,HON,LU_OTR,,,,2035,,,,,,0.253
TotalTechnologyAnnualActivityUpperLimit,NDP,HON,LU_OTR,,,,2036,,,,,,0.253
TotalTechnologyAnnualActivityUpperLimit,NDP,HON,LU_OTR,,,,2037,,,,,,0.253
TotalTechnologyAnnualActivityUpperLimit,NDP,HON,LU_OTR,,,,2038,,,,,,0.253
TotalTechnologyAnnualActivityUpperLimit,NDP,HON,LU_OTR,,,,2039,,,,,,0.253
TotalTechnologyAnnualActivityUpperLimit,NDP,HON,LU_OTR,,,,2040,,,,,,0.253
TotalTechnologyAnnualActivityUpperLimit,NDP,HON,LU_OTR,,,,2041,,,,,,0.253
TotalTechnologyAnnualActivityUpperLimit,NDP,HON,LU_OTR,,,,2042,,,,,,0.253
TotalTechnologyAnnualActivityUpperLimit,NDP,HON,LU_OTR,,,,2043,,,,,,0.253
TotalTechnologyAnnualActivityUpperLimit,NDP,HON,LU_OTR,,,,2044,,,,,,0.253
TotalTechnologyAnnualActivityUpperLimit,NDP,HON,LU_OTR,,,,2045,,,,,,0.253
TotalTechnologyAnnualActivityUpperLimit,NDP,HON,LU_OTR,,,,2046,,,,,,0.253
TotalTechnologyAnnualActivityUpperLimit,NDP,HON,LU_OTR,,,,2047,,,,,,0.253
TotalTechnologyAnnualActivityUpperLimit,NDP,HON,LU_OTR,,,,2048,,,,,,0.253
TotalTechnologyAnnualActivityUpperLimit,NDP,HON,LU_OTR,,,,2049,,,,,,0.253
TotalTechnologyAnnualActivityUpperLimit,NDP,HON,LU_OTR,,,,2050,,,,,,0.253
TotalTechnologyAnnualActivityUpperLimit,NDP,HON,LU_FORLAT,,,,2018,,,,,,4.2342
TotalTechnologyAnnualActivityUpperLimit,NDP,HON,LU_FORLAT,,,,2019,,,,,,4.3171
TotalTechnologyAnnualActivityUpperLimit,NDP,HON,LU_FORLAT,,,,2020,,,,,,4.3171
TotalTechnologyAnnualActivityUpperLimit,NDP,HON,LU_FORLAT,,,,2021,,,,,,4.3171
TotalTechnologyAnnualActivityUpperLimit,NDP,HON,LU_FORLAT,,,,2022,,,,,,4.3171
TotalTechnologyAnnualActivityUpperLimit,NDP,HON,LU_FORLAT,,,,2023,,,,,,4.3171
TotalTechnologyAnnualActivityUpperLimit,NDP,HON,LU_FORLAT,,,,2024,,,,,,4.3171
TotalTechnologyAnnualActivityUpperLimit,NDP,HON,LU_FORLAT,,,,2025,,,,,,4.2921
TotalTechnologyAnnualActivityUpperLimit,NDP,HON,LU_FORLAT,,,,2026,,,,,,4.267
TotalTechnologyAnnualActivityUpperLimit,NDP,HON,LU_FORLAT,,,,2027,,,,,,4.242
TotalTechnologyAnnualActivityUpperLimit,NDP,HON,LU_FORLAT,,,,2028,,,,,,4.217
TotalTechnologyAnnualActivityUpperLimit,NDP,HON,LU_FORLAT,,,,2029,,,,,,4.192
TotalTechnologyAnnualActivityUpperLimit,NDP,HON,LU_FORLAT,,,,2030,,,,,,4.1669
TotalTechnologyAnnualActivityUpperLimit,NDP,HON,LU_FORLAT,,,,2031,,,,,,4.1419
TotalTechnologyAnnualActivityUpperLimit,NDP,HON,LU_FORLAT,,,,2032,,,,,,4.1169
TotalTechnologyAnnualActivityUpperLimit,NDP,HON,LU_FORLAT,,,,2033,,,,,,4.0919
TotalTechnologyAnnualActivityUpperLimit,NDP,HON,LU_FORLAT,,,,2034,,,,,,4.0668
TotalTechnologyAnnualActivityUpperLimit,NDP,HON,LU_FORLAT,,,,2035,,,,,,4.0418
TotalTechnologyAnnualActivityUpperLimit,NDP,HON,LU_FORLAT,,,,2036,,,,,,4.0168
TotalTechnologyAnnualActivityUpperLimit,NDP,HON,LU_FORLAT,,,,2037,,,,,,3.9918
TotalTechnologyAnnualActivityUpperLimit,NDP,HON,LU_FORLAT,,,,2038,,,,,,3.9667
TotalTechnologyAnnualActivityUpperLimit,NDP,HON,LU_FORLAT,,,,2039,,,,,,3.9417
TotalTechnologyAnnualActivityUpperLimit,NDP,HON,LU_FORLAT,,,,2040,,,,,,3.9167
TotalTechnologyAnnualActivityUpperLimit,NDP,HON,LU_FORLAT,,,,2041,,,,,,3.8917
TotalTechnologyAnnualActivityUpperLimit,NDP,HON,LU_FORLAT,,,,2042,,,,,,3.8666
TotalTechnologyAnnualActivityUpperLimit,NDP,HON,LU_FORLAT,,,,2043,,,,,,3.8416
TotalTechnologyAnnualActivityUpperLimit,NDP,HON,LU_FORLAT,,,,2044,,,,,,3.8166
TotalTechnologyAnnualActivityUpperLimit,NDP,HON,LU_FORLAT,,,,2045,,,,,,3.7916
TotalTechnologyAnnualActivityUpperLimit,NDP,HON,LU_FORLAT,,,,2046,,,,,,3.7665
TotalTechnologyAnnualActivityUpperLimit,NDP,HON,LU_FORLAT,,,,2047,,,,,,3.7415
TotalTechnologyAnnualActivityUpperLimit,NDP,HON,LU_FORLAT,,,,2048,,,,,,3.7165
TotalTechnologyAnnualActivityUpperLimit,NDP,HON,LU_FORLAT,,,,2049,,,,,,3.6915
TotalTechnologyAnnualActivityUpperLimit,NDP,HON,LU_FORLAT,,,,2050,,,,,,3.6664
TotalTechnologyAnnualActivityUpperLimit,NDP,HON,LU_FORCON,,,,2018,,,,,,1.9519
TotalTechnologyAnnualActivityUpperLimit,NDP,HON,LU_FORCON,,,,2019,,,,,,1.9539
TotalTechnologyAnnualActivityUpperLimit,NDP,HON,LU_FORCON,,,,2020,,,,,,1.9539
TotalTechnologyAnnualActivityUpperLimit,NDP,HON,LU_FORCON,,,,2021,,,,,,1.9539
TotalTechnologyAnnualActivityUpperLimit,NDP,HON,LU_FORCON,,,,2022,,,,,,1.9539
TotalTechnologyAnnualActivityUpperLimit,NDP,HON,LU_FORCON,,,,2023,,,,,,1.9539
TotalTechnologyAnnualActivityUpperLimit,NDP,HON,LU_FORCON,,,,2024,,,,,,1.9539
TotalTechnologyAnnualActivityUpperLimit,NDP,HON,LU_FORCON,,,,2025,,,,,,1.9519
TotalTechnologyAnnualActivityUpperLimit,NDP,HON,LU_FORCON,,,,2026,,,,,,1.9499
TotalTechnologyAnnualActivityUpperLimit,NDP,HON,LU_FORCON,,,,2027,,,,,,1.9479
TotalTechnologyAnnualActivityUpperLimit,NDP,HON,LU_FORCON,,,,2028,,,,,,1.9459
TotalTechnologyAnnualActivityUpperLimit,NDP,HON,LU_FORCON,,,,2029,,,,,,1.9439
TotalTechnologyAnnualActivityUpperLimit,NDP,HON,LU_FORCON,,,,2030,,,,,,1.9419
TotalTechnologyAnnualActivityUpperLimit,NDP,HON,LU_FORCON,,,,2031,,,,,,1.9399
TotalTechnologyAnnualActivityUpperLimit,NDP,HON,LU_FORCON,,,,2032,,,,,,1.9379
TotalTechnologyAnnualActivityUpperLimit,NDP,HON,LU_FORCON,,,,2033,,,,,,1.9359
TotalTechnologyAnnualActivityUpperLimit,NDP,HON,LU_FORCON,,,,2034,,,,,,1.9339
TotalTechnologyAnnualActivityUpperLimit,NDP,HON,LU_FORCON,,,,2035,,,,,,1.9319
TotalTechnologyAnnualActivityUpperLimit,NDP,HON,LU_FORCON,,,,2036,,,,,,1.9299
TotalTechnologyAnnualActivityUpperLimit,NDP,HON,LU_FORCON,,,,2037,,,,,,1.9279
TotalTechnologyAnnualActivityUpperLimit,NDP,HON,LU_FORCON,,,,2038,,,,,,1.9259
TotalTechnologyAnnualActivityUpperLimit,NDP,HON,LU_FORCON,,,,2039,,,,,,1.9239
TotalTechnologyAnnualActivityUpperLimit,NDP,HON,LU_FORCON,,,,2040,,,,,,1.9219
TotalTechnologyAnnualActivityUpperLimit,NDP,HON,LU_FORCON,,,,2041,,,,,,1.9199
TotalTechnologyAnnualActivityUpperLimit,NDP,HON,LU_FORCON,,,,2042,,,,,,1.9179
TotalTechnologyAnnualActivityUpperLimit,NDP,HON,LU_FORCON,,,,2043,,,,,,1.9159
TotalTechnologyAnnualActivityUpperLimit,NDP,HON,LU_FORCON,,,,2044,,,,,,1.9139
TotalTechnologyAnnualActivityUpperLimit,NDP,HON,LU_FORCON,,,,2045,,,,,,1.9119
TotalTechnologyAnnualActivityUpperLimit,NDP,HON,LU_FORCON,,,,2046,,,,,,1.9099
TotalTechnologyAnnualActivityUpperLimit,NDP,HON,LU_FORCON,,,,2047,,,,,,1.9079
TotalTechnologyAnnualActivityUpperLimit,NDP,HON,LU_FORCON,,,,2048,,,,,,1.9059
TotalTechnologyAnnualActivityUpperLimit,NDP,HON,LU_FORCON,,,,2049,,,,,,1.9039
TotalTechnologyAnnualActivityUpperLimit,NDP,HON,LU_FORCON,,,,2050,,,,,,1.9019
TotalTechnologyAnnualActivityUpperLimit,NDP,HON,LU_FORMAN,,,,2018,,,,,,0.05
TotalTechnologyAnnualActivityUpperLimit,NDP,HON,LU_FORMAN,,,,2019,,,,,,0.0501
TotalTechnologyAnnualActivityUpperLimit,NDP,HON,LU_FORMAN,,,,2020,,,,,,0.0501
TotalTechnologyAnnualActivityUpperLimit,NDP,HON,LU_FORMAN,,,,2021,,,,,,0.0501
TotalTechnologyAnnualActivityUpperLimit,NDP,HON,LU_FORMAN,,,,2022,,,,,,0.0501
TotalTechnologyAnnualActivityUpperLimit,NDP,HON,LU_FORMAN,,,,2023,,,,,,0.0501
TotalTechnologyAnnualActivityUpperLimit,NDP,HON,LU_FORMAN,,,,2024,,,,,,0.0501
TotalTechnologyAnnualActivityUpperLimit,NDP,HON,LU_FORMAN,,,,2025,,,,,,0.0501
TotalTechnologyAnnualActivityUpperLimit,NDP,HON,LU_FORMAN,,,,2026,,,,,,0.0501
TotalTechnologyAnnualActivityUpperLimit,NDP,HON,LU_FORMAN,,,,2027,,,,,,0.0501
TotalTechnologyAnnualActivityUpperLimit,NDP,HON,LU_FORMAN,,,,2028,,,,,,0.05
TotalTechnologyAnnualActivityUpperLimit,NDP,HON,LU_FORMAN,,,,2029,,,,,,0.05
TotalTechnologyAnnualActivityUpperLimit,NDP,HON,LU_FORMAN,,,,2030,,,,,,0.05
TotalTechnologyAnnualActivityUpperLimit,NDP,HON,LU_FORMAN,,,,2031,,,,,,0.05
TotalTechnologyAnnualActivityUpperLimit,NDP,HON,LU_FORMAN,,,,2032,,,,,,0.05
TotalTechnologyAnnualActivityUpperLimit,NDP,HON,LU_FORMAN,,,,2033,,,,,,0.0499
TotalTechnologyAnnualActivityUpperLimit,NDP,HON,LU_FORMAN,,,,2034,,,,,,0.0499
TotalTechnologyAnnualActivityUpperLimit,NDP,HON,LU_FORMAN,,,,2035,,,,,,0.0499
TotalTechnologyAnnualActivityUpperLimit,NDP,HON,LU_FORMAN,,,,2036,,,,,,0.0499
TotalTechnologyAnnualActivityUpperLimit,NDP,HON,LU_FORMAN,,,,2037,,,,,,0.0499
TotalTechnologyAnnualActivityUpperLimit,NDP,HON,LU_FORMAN,,,,2038,,,,,,0.0498
TotalTechnologyAnnualActivityUpperLimit,NDP,HON,LU_FORMAN,,,,2039,,,,,,0.0498
TotalTechnologyAnnualActivityUpperLimit,NDP,HON,LU_FORMAN,,,,2040,,,,,,0.0498
TotalTechnologyAnnualActivityUpperLimit,NDP,HON,LU_FORMAN,,,,2041,,,,,,0.0498
TotalTechnologyAnnualActivityUpperLimit,NDP,HON,LU_FORMAN,,,,2042,,,,,,0.0498
TotalTechnologyAnnualActivityUpperLimit,NDP,HON,LU_FORMAN,,,,2043,,,,,,0.0497
TotalTechnologyAnnualActivityUpperLimit,NDP,HON,LU_FORMAN,,,,2044,,,,,,0.0497
TotalTechnologyAnnualActivityUpperLimit,NDP,HON,LU_FORMAN,,,,2045,,,,,,0.0497
TotalTechnologyAnnualActivityUpperLimit,NDP,HON,LU_FORMAN,,,,2046,,,,,,0.0497
TotalTechnologyAnnualActivityUpperLimit,NDP,HON,LU_FORMAN,,,,2047,,,,,,0.0497
TotalTechnologyAnnualActivityUpperLimit,NDP,HON,LU_FORMAN,,,,2048,,,,,,0.0496
TotalTechnologyAnnualActivityUpperLimit,NDP,HON,LU_FORMAN,,,,2049,,,,,,0.0496
TotalTechnologyAnnualActivityUpperLimit,NDP,HON,LU_FORMAN,,,,2050,,,,,,0.0496
TotalTechnologyAnnualActivityUpperLimit,NDP,HON,LU_CUL,,,,2018,,,,,,3.0931
TotalTechnologyAnnualActivityUpperLimit,NDP,HON,LU_CUL,,,,2019,,,,,,3.0194
TotalTechnologyAnnualActivityUpperLimit,NDP,HON,LU_CUL,,,,2020,,,,,,3.0194
TotalTechnologyAnnualActivityUpperLimit,NDP,HON,LU_CUL,,,,2021,,,,,,3.0194
TotalTechnologyAnnualActivityUpperLimit,NDP,HON,LU_CUL,,,,2022,,,,,,3.0194
TotalTechnologyAnnualActivityUpperLimit,NDP,HON,LU_CUL,,,,2023,,,,,,3.0194
TotalTechnologyAnnualActivityUpperLimit,NDP,HON,LU_CUL,,,,2024,,,,,,3.0194
TotalTechnologyAnnualActivityUpperLimit,NDP,HON,LU_CUL,,,,2025,,,,,,3.0264
TotalTechnologyAnnualActivityUpperLimit,NDP,HON,LU_CUL,,,,2026,,,,,,3.0334
TotalTechnologyAnnualActivityUpperLimit,NDP,HON,LU_CUL,,,,2027,,,,,,3.0404
TotalTechnologyAnnualActivityUpperLimit,NDP,HON,LU_CUL,,,,2028,,,,,,3.0474
TotalTechnologyAnnualActivityUpperLimit,NDP,HON,LU_CUL,,,,2029,,,,,,3.0544
TotalTechnologyAnnualActivityUpperLimit,NDP,HON,LU_CUL,,,,2030,,,,,,3.0615
TotalTechnologyAnnualActivityUpperLimit,NDP,HON,LU_CUL,,,,2031,,,,,,3.0685
TotalTechnologyAnnualActivityUpperLimit,NDP,HON,LU_CUL,,,,2032,,,,,,3.0755
TotalTechnologyAnnualActivityUpperLimit,NDP,HON,LU_CUL,,,,2033,,,,,,3.0825
TotalTechnologyAnnualActivityUpperLimit,NDP,HON,LU_CUL,,,,2034,,,,,,3.0895
TotalTechnologyAnnualActivityUpperLimit,NDP,HON,LU_CUL,,,,2035,,,,,,3.0965
TotalTechnologyAnnualActivityUpperLimit,NDP,HON,LU_CUL,,,,2036,,,,,,3.1035
TotalTechnologyAnnualActivityUpperLimit,NDP,HON,LU_CUL,,,,2037,,,,,,3.1105
TotalTechnologyAnnualActivityUpperLimit,NDP,HON,LU_CUL,,,,2038,,,,,,3.1175
TotalTechnologyAnnualActivityUpperLimit,NDP,HON,LU_CUL,,,,2039,,,,,,3.1245
TotalTechnologyAnnualActivityUpperLimit,NDP,HON,LU_CUL,,,,2040,,,,,,3.1315
TotalTechnologyAnnualActivityUpperLimit,NDP,HON,LU_CUL,,,,2041,,,,,,3.1385
TotalTechnologyAnnualActivityUpperLimit,NDP,HON,LU_CUL,,,,2042,,,,,,3.1455
TotalTechnologyAnnualActivityUpperLimit,NDP,HON,LU_CUL,,,,2043,,,,,,3.1525
TotalTechnologyAnnualActivityUpperLimit,NDP,HON,LU_CUL,,,,2044,,,,,,3.1596
TotalTechnologyAnnualActivityUpperLimit,NDP,HON,LU_CUL,,,,2045,,,,,,3.1666
TotalTechnologyAnnualActivityUpperLimit,NDP,HON,LU_CUL,,,,2046,,,,,,3.1736
TotalTechnologyAnnualActivityUpperLimit,NDP,HON,LU_CUL,,,,2047,,,,,,3.1806
TotalTechnologyAnnualActivityUpperLimit,NDP,HON,LU_CUL,,,,2048,,,,,,3.1876
TotalTechnologyAnnualActivityUpperLimit,NDP,HON,LU_CUL,,,,2049,,,,,,3.1946
TotalTechnologyAnnualActivityUpperLimit,NDP,HON,LU_CUL,,,,2050,,,,,,3.2016
TotalTechnologyAnnualActivityUpperLimit,NDP,HON,LU_ABO,,,,2018,,,,,,0.4295
TotalTechnologyAnnualActivityUpperLimit,NDP,HON,LU_ABO,,,,2019,,,,,,0.4203
TotalTechnologyAnnualActivityUpperLimit,NDP,HON,LU_ABO,,,,2020,,,,,,0.4203
TotalTechnologyAnnualActivityUpperLimit,NDP,HON,LU_ABO,,,,2021,,,,,,0.4203
TotalTechnologyAnnualActivityUpperLimit,NDP,HON,LU_ABO,,,,2022,,,,,,0.4203
TotalTechnologyAnnualActivityUpperLimit,NDP,HON,LU_ABO,,,,2023,,,,,,0.4203
TotalTechnologyAnnualActivityUpperLimit,NDP,HON,LU_ABO,,,,2024,,,,,,0.4203
TotalTechnologyAnnualActivityUpperLimit,NDP,HON,LU_ABO,,,,2025,,,,,,0.4253
TotalTechnologyAnnualActivityUpperLimit,NDP,HON,LU_ABO,,,,2026,,,,,,0.4303
TotalTechnologyAnnualActivityUpperLimit,NDP,HON,LU_ABO,,,,2027,,,,,,0.4353
TotalTechnologyAnnualActivityUpperLimit,NDP,HON,LU_ABO,,,,2028,,,,,,0.4403
TotalTechnologyAnnualActivityUpperLimit,NDP,HON,LU_ABO,,,,2029,,,,,,0.4453
TotalTechnologyAnnualActivityUpperLimit,NDP,HON,LU_ABO,,,,2030,,,,,,0.4504
TotalTechnologyAnnualActivityUpperLimit,NDP,HON,LU_ABO,,,,2031,,,,,,0.4554
TotalTechnologyAnnualActivityUpperLimit,NDP,HON,LU_ABO,,,,2032,,,,,,0.4604
TotalTechnologyAnnualActivityUpperLimit,NDP,HON,LU_ABO,,,,2033,,,,,,0.4654
TotalTechnologyAnnualActivityUpperLimit,NDP,HON,LU_ABO,,,,2034,,,,,,0.4704
TotalTechnologyAnnualActivityUpperLimit,NDP,HON,LU_ABO,,,,2035,,,,,,0.4754
TotalTechnologyAnnualActivityUpperLimit,NDP,HON,LU_ABO,,,,2036,,,,,,0.4804
TotalTechnologyAnnualActivityUpperLimit,NDP,HON,LU_ABO,,,,2037,,,,,,0.4854
TotalTechnologyAnnualActivityUpperLimit,NDP,HON,LU_ABO,,,,2038,,,,,,0.4904
TotalTechnologyAnnualActivityUpperLimit,NDP,HON,LU_ABO,,,,2039,,,,,,0.4954
TotalTechnologyAnnualActivityUpperLimit,NDP,HON,LU_ABO,,,,2040,,,,,,0.5004
TotalTechnologyAnnualActivityUpperLimit,NDP,HON,LU_ABO,,,,2041,,,,,,0.5054
TotalTechnologyAnnualActivityUpperLimit,NDP,HON,LU_ABO,,,,2042,,,,,,0.5104
TotalTechnologyAnnualActivityUpperLimit,NDP,HON,LU_ABO,,,,2043,,,,,,0.5154
TotalTechnologyAnnualActivityUpperLimit,NDP,HON,LU_ABO,,,,2044,,,,,,0.5204
TotalTechnologyAnnualActivityUpperLimit,NDP,HON,LU_ABO,,,,2045,,,,,,0.5254
TotalTechnologyAnnualActivityUpperLimit,NDP,HON,LU_ABO,,,,2046,,,,,,0.5304
TotalTechnologyAnnualActivityUpperLimit,NDP,HON,LU_ABO,,,,2047,,,,,,0.5354
TotalTechnologyAnnualActivityUpperLimit,NDP,HON,LU_ABO,,,,2048,,,,,,0.5404
TotalTechnologyAnnualActivityUpperLimit,NDP,HON,LU_ABO,,,,2049,,,,,,0.5454
TotalTechnologyAnnualActivityUpperLimit,NDP,HON,LU_ABO,,,,2050,,,,,,0.5505
TotalTechnologyAnnualActivityUpperLimit,NDP,HON,LU_PAS,,,,2018,,,,,,1.0166
TotalTechnologyAnnualActivityUpperLimit,NDP,HON,LU_PAS,,,,2019,,,,,,1.0146
TotalTechnologyAnnualActivityUpperLimit,NDP,HON,LU_PAS,,,,2020,,,,,,1.0146
TotalTechnologyAnnualActivityUpperLimit,NDP,HON,LU_PAS,,,,2021,,,,,,1.0146
TotalTechnologyAnnualActivityUpperLimit,NDP,HON,LU_PAS,,,,2022,,,,,,1.0146
TotalTechnologyAnnualActivityUpperLimit,NDP,HON,LU_PAS,,,,2023,,,,,,1.0146
TotalTechnologyAnnualActivityUpperLimit,NDP,HON,LU_PAS,,,,2024,,,,,,1.0146
TotalTechnologyAnnualActivityUpperLimit,NDP,HON,LU_PAS,,,,2025,,,,,,1.0286
TotalTechnologyAnnualActivityUpperLimit,NDP,HON,LU_PAS,,,,2026,,,,,,1.0426
TotalTechnologyAnnualActivityUpperLimit,NDP,HON,LU_PAS,,,,2027,,,,,,1.0566
TotalTechnologyAnnualActivityUpperLimit,NDP,HON,LU_PAS,,,,2028,,,,,,1.0706
TotalTechnologyAnnualActivityUpperLimit,NDP,HON,LU_PAS,,,,2029,,,,,,1.0847
TotalTechnologyAnnualActivityUpperLimit,NDP,HON,LU_PAS,,,,2030,,,,,,1.0987
TotalTechnologyAnnualActivityUpperLimit,NDP,HON,LU_PAS,,,,2031,,,,,,1.1127
TotalTechnologyAnnualActivityUpperLimit,NDP,HON,LU_PAS,,,,2032,,,,,,1.1267
TotalTechnologyAnnualActivityUpperLimit,NDP,HON,LU_PAS,,,,2033,,,,,,1.1407
TotalTechnologyAnnualActivityUpperLimit,NDP,HON,LU_PAS,,,,2034,,,,,,1.1547
TotalTechnologyAnnualActivityUpperLimit,NDP,HON,LU_PAS,,,,2035,,,,,,1.1687
TotalTechnologyAnnualActivityUpperLimit,NDP,HON,LU_PAS,,,,2036,,,,,,1.1828
TotalTechnologyAnnualActivityUpperLimit,NDP,HON,LU_PAS,,,,2037,,,,,,1.1968
TotalTechnologyAnnualActivityUpperLimit,NDP,HON,LU_PAS,,,,2038,,,,,,1.2108
TotalTechnologyAnnualActivityUpperLimit,NDP,HON,LU_PAS,,,,2039,,,,,,1.2248
TotalTechnologyAnnualActivityUpperLimit,NDP,HON,LU_PAS,,,,2040,,,,,,1.2388
TotalTechnologyAnnualActivityUpperLimit,NDP,HON,LU_PAS,,,,2041,,,,,,1.2528
TotalTechnologyAnnualActivityUpperLimit,NDP,HON,LU_PAS,,,,2042,,,,,,1.2668
TotalTechnologyAnnualActivityUpperLimit,NDP,HON,LU_PAS,,,,2043,,,,,,1.2809
TotalTechnologyAnnualActivityUpperLimit,NDP,HON,LU_PAS,,,,2044,,,,,,1.2949
TotalTechnologyAnnualActivityUpperLimit,NDP,HON,LU_PAS,,,,2045,,,,,,1.3089
TotalTechnologyAnnualActivityUpperLimit,NDP,HON,LU_PAS,,,,2046,,,,,,1.3229
TotalTechnologyAnnualActivityUpperLimit,NDP,HON,LU_PAS,,,,2047,,,,,,1.3369
TotalTechnologyAnnualActivityUpperLimit,NDP,HON,LU_PAS,,,,2048,,,,,,1.3509
TotalTechnologyAnnualActivityUpperLimit,NDP,HON,LU_PAS,,,,2049,,,,,,1.3649
TotalTechnologyAnnualActivityUpperLimit,NDP,HON,LU_PAS,,,,2050,,,,,,1.379
TotalTechnologyAnnualActivityUpperLimit,NDP,HON,LU_HUM,,,,2018,,,,,,0.1348
TotalTechnologyAnnualActivityUpperLimit,NDP,HON,LU_HUM,,,,2019,,,,,,0.1328
TotalTechnologyAnnualActivityUpperLimit,NDP,HON,LU_HUM,,,,2020,,,,,,0.1329
TotalTechnologyAnnualActivityUpperLimit,NDP,HON,LU_HUM,,,,2021,,,,,,0.1328
TotalTechnologyAnnualActivityUpperLimit,NDP,HON,LU_HUM,,,,2022,,,,,,0.1328
TotalTechnologyAnnualActivityUpperLimit,NDP,HON,LU_HUM,,,,2023,,,,,,0.1328
TotalTechnologyAnnualActivityUpperLimit,NDP,HON,LU_HUM,,,,2024,,,,,,0.1328
TotalTechnologyAnnualActivityUpperLimit,NDP,HON,LU_HUM,,,,2025,,,,,,0.1338
TotalTechnologyAnnualActivityUpperLimit,NDP,HON,LU_HUM,,,,2026,,,,,,0.1348
TotalTechnologyAnnualActivityUpperLimit,NDP,HON,LU_HUM,,,,2027,,,,,,0.1358
TotalTechnologyAnnualActivityUpperLimit,NDP,HON,LU_HUM,,,,2028,,,,,,0.1368
TotalTechnologyAnnualActivityUpperLimit,NDP,HON,LU_HUM,,,,2029,,,,,,0.1378
TotalTechnologyAnnualActivityUpperLimit,NDP,HON,LU_HUM,,,,2030,,,,,,0.1388
TotalTechnologyAnnualActivityUpperLimit,NDP,HON,LU_HUM,,,,2031,,,,,,0.1398
TotalTechnologyAnnualActivityUpperLimit,NDP,HON,LU_HUM,,,,2032,,,,,,0.1408
TotalTechnologyAnnualActivityUpperLimit,NDP,HON,LU_HUM,,,,2033,,,,,,0.1418
TotalTechnologyAnnualActivityUpperLimit,NDP,HON,LU_HUM,,,,2034,,,,,,0.1428
TotalTechnologyAnnualActivityUpperLimit,NDP,HON,LU_HUM,,,,2035,,,,,,0.1438
TotalTechnologyAnnualActivityUpperLimit,NDP,HON,LU_HUM,,,,2036,,,,,,0.1448
TotalTechnologyAnnualActivityUpperLimit,NDP,HON,LU_HUM,,,,2037,,,,,,0.1458
TotalTechnologyAnnualActivityUpperLimit,NDP,HON,LU_HUM,,,,2038,,,,,,0.1468
TotalTechnologyAnnualActivityUpperLimit,NDP,HON,LU_HUM,,,,2039,,,,,,0.1478
TotalTechnologyAnnualActivityUpperLimit,NDP,HON,LU_HUM,,,,2040,,,,,,0.1488
TotalTechnologyAnnualActivityUpperLimit,NDP,HON,LU_HUM,,,,2041,,,,,,0.1498
TotalTechnologyAnnualActivityUpperLimit,NDP,HON,LU_HUM,,,,2042,,,,,,0.1508
TotalTechnologyAnnualActivityUpperLimit,NDP,HON,LU_HUM,,,,2043,,,,,,0.1518
TotalTechnologyAnnualActivityUpperLimit,NDP,HON,LU_HUM,,,,2044,,,,,,0.1528
TotalTechnologyAnnualActivityUpperLimit,NDP,HON,LU_HUM,,,,2045,,,,,,0.1538
TotalTechnologyAnnualActivityUpperLimit,NDP,HON,LU_HUM,,,,2046,,,,,,0.1548
TotalTechnologyAnnualActivityUpperLimit,NDP,HON,LU_HUM,,,,2047,,,,,,0.1558
TotalTechnologyAnnualActivityUpperLimit,NDP,HON,LU_HUM,,,,2048,,,,,,0.1568
TotalTechnologyAnnualActivityUpperLimit,NDP,HON,LU_HUM,,,,2049,,,,,,0.1578
TotalTechnologyAnnualActivityUpperLimit,NDP,HON,LU_HUM,,,,2050,,,,,,0.1588
TotalTechnologyAnnualActivityUpperLimit,NDP,HON,LU_ASE,,,,2018,,,,,,0.1001
TotalTechnologyAnnualActivityUpperLimit,NDP,HON,LU_ASE,,,,2019,,,,,,0.0966
TotalTechnologyAnnualActivityUpperLimit,NDP,HON,LU_ASE,,,,2020,,,,,,0.0966
TotalTechnologyAnnualActivityUpperLimit,NDP,HON,LU_ASE,,,,2021,,,,,,0.0966
TotalTechnologyAnnualActivityUpperLimit,NDP,HON,LU_ASE,,,,2022,,,,,,0.0966
TotalTechnologyAnnualActivityUpperLimit,NDP,HON,LU_ASE,,,,2023,,,,,,0.0966
TotalTechnologyAnnualActivityUpperLimit,NDP,HON,LU_ASE,,,,2024,,,,,,0.0966
TotalTechnologyAnnualActivityUpperLimit,NDP,HON,LU_ASE,,,,2025,,,,,,0.0966
TotalTechnologyAnnualActivityUpperLimit,NDP,HON,LU_ASE,,,,2026,,,,,,0.0966
TotalTechnologyAnnualActivityUpperLimit,NDP,HON,LU_ASE,,,,2027,,,,,,0.0966
TotalTechnologyAnnualActivityUpperLimit,NDP,HON,LU_ASE,,,,2028,,,,,,0.0966
TotalTechnologyAnnualActivityUpperLimit,NDP,HON,LU_ASE,,,,2029,,,,,,0.0966
TotalTechnologyAnnualActivityUpperLimit,NDP,HON,LU_ASE,,,,2030,,,,,,0.0966
TotalTechnologyAnnualActivityUpperLimit,NDP,HON,LU_ASE,,,,2031,,,,,,0.0966
TotalTechnologyAnnualActivityUpperLimit,NDP,HON,LU_ASE,,,,2032,,,,,,0.0966
TotalTechnologyAnnualActivityUpperLimit,NDP,HON,LU_ASE,,,,2033,,,,,,0.0966
TotalTechnologyAnnualActivityUpperLimit,NDP,HON,LU_ASE,,,,2034,,,,,,0.0966
TotalTechnologyAnnualActivityUpperLimit,NDP,HON,LU_ASE,,,,2035,,,,,,0.0966
TotalTechnologyAnnualActivityUpperLimit,NDP,HON,LU_ASE,,,,2036,,,,,,0.0966
TotalTechnologyAnnualActivityUpperLimit,NDP,HON,LU_ASE,,,,2037,,,,,,0.0966
TotalTechnologyAnnualActivityUpperLimit,NDP,HON,LU_ASE,,,,2038,,,,,,0.0966
TotalTechnologyAnnualActivityUpperLimit,NDP,HON,LU_ASE,,,,2039,,,,,,0.0966
TotalTechnologyAnnualActivityUpperLimit,NDP,HON,LU_ASE,,,,2040,,,,,,0.0966
TotalTechnologyAnnualActivityUpperLimit,NDP,HON,LU_ASE,,,,2041,,,,,,0.0966
TotalTechnologyAnnualActivityUpperLimit,NDP,HON,LU_ASE,,,,2042,,,,,,0.0966
TotalTechnologyAnnualActivityUpperLimit,NDP,HON,LU_ASE,,,,2043,,,,,,0.0966
TotalTechnologyAnnualActivityUpperLimit,NDP,HON,LU_ASE,,,,2044,,,,,,0.0966
TotalTechnologyAnnualActivityUpperLimit,NDP,HON,LU_ASE,,,,2045,,,,,,0.0966
TotalTechnologyAnnualActivityUpperLimit,NDP,HON,LU_ASE,,,,2046,,,,,,0.0966
TotalTechnologyAnnualActivityUpperLimit,NDP,HON,LU_ASE,,,,2047,,,,,,0.0966
TotalTechnologyAnnualActivityUpperLimit,NDP,HON,LU_ASE,,,,2048,,,,,,0.0966
TotalTechnologyAnnualActivityUpperLimit,NDP,HON,LU_ASE,,,,2049,,,,,,0.0966
TotalTechnologyAnnualActivityUpperLimit,NDP,HON,LU_ASE,,,,2050,,,,,,0.0966
TotalTechnologyAnnualActivityUpperLimit,NDP,HON,NS_LU_FOR_PER,,,,2018,,,,,,0.0649
TotalTechnologyAnnualActivityUpperLimit,NDP,HON,NS_LU_FOR_PER,,,,2019,,,,,,0.0649
TotalTechnologyAnnualActivityUpperLimit,NDP,HON,NS_LU_FOR_PER,,,,2020,,,,,,0.0649
TotalTechnologyAnnualActivityUpperLimit,NDP,HON,NS_LU_FOR_PER,,,,2021,,,,,,0.0649
TotalTechnologyAnnualActivityUpperLimit,NDP,HON,NS_LU_FOR_PER,,,,2022,,,,,,0.0649
TotalTechnologyAnnualActivityUpperLimit,NDP,HON,NS_LU_FOR_PER,,,,2023,,,,,,0.0649
TotalTechnologyAnnualActivityUpperLimit,NDP,HON,NS_LU_FOR_PER,,,,2024,,,,,,0.0649
TotalTechnologyAnnualActivityUpperLimit,NDP,HON,NS_LU_FOR_PER,,,,2025,,,,,,0.0646
TotalTechnologyAnnualActivityUpperLimit,NDP,HON,NS_LU_FOR_PER,,,,2026,,,,,,0.0642
TotalTechnologyAnnualActivityUpperLimit,NDP,HON,NS_LU_FOR_PER,,,,2027,,,,,,0.0639
TotalTechnologyAnnualActivityUpperLimit,NDP,HON,NS_LU_FOR_PER,,,,2028,,,,,,0.0636
TotalTechnologyAnnualActivityUpperLimit,NDP,HON,NS_LU_FOR_PER,,,,2029,,,,,,0.0632
TotalTechnologyAnnualActivityUpperLimit,NDP,HON,NS_LU_FOR_PER,,,,2030,,,,,,0.0629
TotalTechnologyAnnualActivityUpperLimit,NDP,HON,NS_LU_FOR_PER,,,,2031,,,,,,0.0626
TotalTechnologyAnnualActivityUpperLimit,NDP,HON,NS_LU_FOR_PER,,,,2032,,,,,,0.0622
TotalTechnologyAnnualActivityUpperLimit,NDP,HON,NS_LU_FOR_PER,,,,2033,,,,,,0.0619
TotalTechnologyAnnualActivityUpperLimit,NDP,HON,NS_LU_FOR_PER,,,,2034,,,,,,0.0616
TotalTechnologyAnnualActivityUpperLimit,NDP,HON,NS_LU_FOR_PER,,,,2035,,,,,,0.0613
TotalTechnologyAnnualActivityUpperLimit,NDP,HON,NS_LU_FOR_PER,,,,2036,,,,,,0.0609
TotalTechnologyAnnualActivityUpperLimit,NDP,HON,NS_LU_FOR_PER,,,,2037,,,,,,0.0606
TotalTechnologyAnnualActivityUpperLimit,NDP,HON,NS_LU_FOR_PER,,,,2038,,,,,,0.0603
TotalTechnologyAnnualActivityUpperLimit,NDP,HON,NS_LU_FOR_PER,,,,2039,,,,,,0.0599
TotalTechnologyAnnualActivityUpperLimit,NDP,HON,NS_LU_FOR_PER,,,,2040,,,,,,0.0596
TotalTechnologyAnnualActivityUpperLimit,NDP,HON,NS_LU_FOR_PER,,,,2041,,,,,,0.0593
TotalTechnologyAnnualActivityUpperLimit,NDP,HON,NS_LU_FOR_PER,,,,2042,,,,,,0.0589
TotalTechnologyAnnualActivityUpperLimit,NDP,HON,NS_LU_FOR_PER,,,,2043,,,,,,0.0586
TotalTechnologyAnnualActivityUpperLimit,NDP,HON,NS_LU_FOR_PER,,,,2044,,,,,,0.0583
TotalTechnologyAnnualActivityUpperLimit,NDP,HON,NS_LU_FOR_PER,,,,2045,,,,,,0.0579
TotalTechnologyAnnualActivityUpperLimit,NDP,HON,NS_LU_FOR_PER,,,,2046,,,,,,0.0576
TotalTechnologyAnnualActivityUpperLimit,NDP,HON,NS_LU_FOR_PER,,,,2047,,,,,,0.0573
TotalTechnologyAnnualActivityUpperLimit,NDP,HON,NS_LU_FOR_PER,,,,2048,,,,,,0.0569
TotalTechnologyAnnualActivityUpperLimit,NDP,HON,NS_LU_FOR_PER,,,,2049,,,,,,0.0566
TotalTechnologyAnnualActivityUpperLimit,NDP,HON,NS_LU_FOR_PER,,,,2050,,,,,,0.0563
TotalTechnologyAnnualActivityUpperLimit,NDP,HON,NS_LU_FOR_CON,,,,2018,,,,,,0.2613
TotalTechnologyAnnualActivityUpperLimit,NDP,HON,NS_LU_FOR_CON,,,,2019,,,,,,0.2183
TotalTechnologyAnnualActivityUpperLimit,NDP,HON,NS_LU_FOR_CON,,,,2020,,,,,,0.1297
TotalTechnologyAnnualActivityUpperLimit,NDP,HON,NS_LU_FOR_CON,,,,2021,,,,,,0.1293
TotalTechnologyAnnualActivityUpperLimit,NDP,HON,NS_LU_FOR_CON,,,,2022,,,,,,0.1293
TotalTechnologyAnnualActivityUpperLimit,NDP,HON,NS_LU_FOR_CON,,,,2023,,,,,,0.1293
TotalTechnologyAnnualActivityUpperLimit,NDP,HON,NS_LU_FOR_CON,,,,2024,,,,,,0.1293
TotalTechnologyAnnualActivityUpperLimit,NDP,HON,NS_LU_FOR_CON,,,,2025,,,,,,0.1323
TotalTechnologyAnnualActivityUpperLimit,NDP,HON,NS_LU_FOR_CON,,,,2026,,,,,,0.1354
TotalTechnologyAnnualActivityUpperLimit,NDP,HON,NS_LU_FOR_CON,,,,2027,,,,,,0.1384
TotalTechnologyAnnualActivityUpperLimit,NDP,HON,NS_LU_FOR_CON,,,,2028,,,,,,0.1415
TotalTechnologyAnnualActivityUpperLimit,NDP,HON,NS_LU_FOR_CON,,,,2029,,,,,,0.1446
TotalTechnologyAnnualActivityUpperLimit,NDP,HON,NS_LU_FOR_CON,,,,2030,,,,,,0.1476
TotalTechnologyAnnualActivityUpperLimit,NDP,HON,NS_LU_FOR_CON,,,,2031,,,,,,0.1507
TotalTechnologyAnnualActivityUpperLimit,NDP,HON,NS_LU_FOR_CON,,,,2032,,,,,,0.1537
TotalTechnologyAnnualActivityUpperLimit,NDP,HON,NS_LU_FOR_CON,,,,2033,,,,,,0.1568
TotalTechnologyAnnualActivityUpperLimit,NDP,HON,NS_LU_FOR_CON,,,,2034,,,,,,0.1599
TotalTechnologyAnnualActivityUpperLimit,NDP,HON,NS_LU_FOR_CON,,,,2035,,,,,,0.1629
TotalTechnologyAnnualActivityUpperLimit,NDP,HON,NS_LU_FOR_CON,,,,2036,,,,,,0.166
TotalTechnologyAnnualActivityUpperLimit,NDP,HON,NS_LU_FOR_CON,,,,2037,,,,,,0.169
TotalTechnologyAnnualActivityUpperLimit,NDP,HON,NS_LU_FOR_CON,,,,2038,,,,,,0.1721
TotalTechnologyAnnualActivityUpperLimit,NDP,HON,NS_LU_FOR_CON,,,,2039,,,,,,0.1752
TotalTechnologyAnnualActivityUpperLimit,NDP,HON,NS_LU_FOR_CON,,,,2040,,,,,,0.1782
TotalTechnologyAnnualActivityUpperLimit,NDP,HON,NS_LU_FOR_CON,,,,2041,,,,,,0.1813
TotalTechnologyAnnualActivityUpperLimit,NDP,HON,NS_LU_FOR_CON,,,,2042,,,,,,0.1843
TotalTechnologyAnnualActivityUpperLimit,NDP,HON,NS_LU_FOR_CON,,,,2043,,,,,,0.1874
TotalTechnologyAnnualActivityUpperLimit,NDP,HON,NS_LU_FOR_CON,,,,2044,,,,,,0.1905
TotalTechnologyAnnualActivityUpperLimit,NDP,HON,NS_LU_FOR_CON,,,,2045,,,,,,0.1935
TotalTechnologyAnnualActivityUpperLimit,NDP,HON,NS_LU_FOR_CON,,,,2046,,,,,,0.1966
TotalTechnologyAnnualActivityUpperLimit,NDP,HON,NS_LU_FOR_CON,,,,2047,,,,,,0.1996
TotalTechnologyAnnualActivityUpperLimit,NDP,HON,NS_LU_FOR_CON,,,,2048,,,,,,0.2027
TotalTechnologyAnnualActivityUpperLimit,NDP,HON,NS_LU_FOR_CON,,,,2049,,,,,,0.2058
TotalTechnologyAnnualActivityUpperLimit,NDP,HON,NS_LU_FOR_CON,,,,2050,,,,,,0.2088
TotalTechnologyAnnualActivityUpperLimit,NDP,HON,NS_LU_CUL_PER,,,,2018,,,,,,1.1727
TotalTechnologyAnnualActivityUpperLimit,NDP,HON,NS_LU_CUL_PER,,,,2019,,,,,,1.1849
TotalTechnologyAnnualActivityUpperLimit,NDP,HON,NS_LU_CUL_PER,,,,2020,,,,,,1.1934
TotalTechnologyAnnualActivityUpperLimit,NDP,HON,NS_LU_CUL_PER,,,,2021,,,,,,1.1934
TotalTechnologyAnnualActivityUpperLimit,NDP,HON,NS_LU_CUL_PER,,,,2022,,,,,,1.1934
TotalTechnologyAnnualActivityUpperLimit,NDP,HON,NS_LU_CUL_PER,,,,2023,,,,,,1.1934
TotalTechnologyAnnualActivityUpperLimit,NDP,HON,NS_LU_CUL_PER,,,,2024,,,,,,1.1934
TotalTechnologyAnnualActivityUpperLimit,NDP,HON,NS_LU_CUL_PER,,,,2025,,,,,,1.2027
TotalTechnologyAnnualActivityUpperLimit,NDP,HON,NS_LU_CUL_PER,,,,2026,,,,,,1.2121
TotalTechnologyAnnualActivityUpperLimit,NDP,HON,NS_LU_CUL_PER,,,,2027,,,,,,1.2214
TotalTechnologyAnnualActivityUpperLimit,NDP,HON,NS_LU_CUL_PER,,,,2028,,,,,,1.2307
TotalTechnologyAnnualActivityUpperLimit,NDP,HON,NS_LU_CUL_PER,,,,2029,,,,,,1.2401
TotalTechnologyAnnualActivityUpperLimit,NDP,HON,NS_LU_CUL_PER,,,,2030,,,,,,1.2494
TotalTechnologyAnnualActivityUpperLimit,NDP,HON,NS_LU_CUL_PER,,,,2031,,,,,,1.2588
TotalTechnologyAnnualActivityUpperLimit,NDP,HON,NS_LU_CUL_PER,,,,2032,,,,,,1.2681
TotalTechnologyAnnualActivityUpperLimit,NDP,HON,NS_LU_CUL_PER,,,,2033,,,,,,1.2774
TotalTechnologyAnnualActivityUpperLimit,NDP,HON,NS_LU_CUL_PER,,,,2034,,,,,,1.2868
TotalTechnologyAnnualActivityUpperLimit,NDP,HON,NS_LU_CUL_PER,,,,2035,,,,,,1.2961
TotalTechnologyAnnualActivityUpperLimit,NDP,HON,NS_LU_CUL_PER,,,,2036,,,,,,1.3055
TotalTechnologyAnnualActivityUpperLimit,NDP,HON,NS_LU_CUL_PER,,,,2037,,,,,,1.3148
TotalTechnologyAnnualActivityUpperLimit,NDP,HON,NS_LU_CUL_PER,,,,2038,,,,,,1.3241
TotalTechnologyAnnualActivityUpperLimit,NDP,HON,NS_LU_CUL_PER,,,,2039,,,,,,1.3335
TotalTechnologyAnnualActivityUpperLimit,NDP,HON,NS_LU_CUL_PER,,,,2040,,,,,,1.3428
TotalTechnologyAnnualActivityUpperLimit,NDP,HON,NS_LU_CUL_PER,,,,2041,,,,,,1.3521
TotalTechnologyAnnualActivityUpperLimit,NDP,HON,NS_LU_CUL_PER,,,,2042,,,,,,1.3615
TotalTechnologyAnnualActivityUpperLimit,NDP,HON,NS_LU_CUL_PER,,,,2043,,,,,,1.3708
TotalTechnologyAnnualActivityUpperLimit,NDP,HON,NS_LU_CUL_PER,,,,2044,,,,,,1.3802
TotalTechnologyAnnualActivityUpperLimit,NDP,HON,NS_LU_CUL_PER,,,,2045,,,,,,1.3895
TotalTechnologyAnnualActivityUpperLimit,NDP,HON,NS_LU_CUL_PER,,,,2046,,,,,,1.3988
TotalTechnologyAnnualActivityUpperLimit,NDP,HON,NS_LU_CUL_PER,,,,2047,,,,,,1.4082
TotalTechnologyAnnualActivityUpperLimit,NDP,HON,NS_LU_CUL_PER,,,,2048,,,,,,1.4175
TotalTechnologyAnnualActivityUpperLimit,NDP,HON,NS_LU_CUL_PER,,,,2049,,,,,,1.4269
TotalTechnologyAnnualActivityUpperLimit,NDP,HON,NS_LU_CUL_PER,,,,2050,,,,,,1.4362
TotalTechnologyAnnualActivityUpperLimit,NDP,HON,NS_LU_CUL_CON,,,,2018,,,,,,0.0212
TotalTechnologyAnnualActivityUpperLimit,NDP,HON,NS_LU_CUL_CON,,,,2019,,,,,,0.0212
TotalTechnologyAnnualActivityUpperLimit,NDP,HON,NS_LU_CUL_CON,,,,2020,,,,,,0.0212
TotalTechnologyAnnualActivityUpperLimit,NDP,HON,NS_LU_CUL_CON,,,,2021,,,,,,0.0212
TotalTechnologyAnnualActivityUpperLimit,NDP,HON,NS_LU_CUL_CON,,,,2022,,,,,,0.0219
TotalTechnologyAnnualActivityUpperLimit,NDP,HON,NS_LU_CUL_CON,,,,2023,,,,,,0.0221
TotalTechnologyAnnualActivityUpperLimit,NDP,HON,NS_LU_CUL_CON,,,,2024,,,,,,0.0221
TotalTechnologyAnnualActivityUpperLimit,NDP,HON,NS_LU_CUL_CON,,,,2025,,,,,,0.0228
TotalTechnologyAnnualActivityUpperLimit,NDP,HON,NS_LU_CUL_CON,,,,2026,,,,,,0.0235
TotalTechnologyAnnualActivityUpperLimit,NDP,HON,NS_LU_CUL_CON,,,,2027,,,,,,0.0242
TotalTechnologyAnnualActivityUpperLimit,NDP,HON,NS_LU_CUL_CON,,,,2028,,,,,,0.0248
TotalTechnologyAnnualActivityUpperLimit,NDP,HON,NS_LU_CUL_CON,,,,2029,,,,,,0.0255
TotalTechnologyAnnualActivityUpperLimit,NDP,HON,NS_LU_CUL_CON,,,,2030,,,,,,0.0262
TotalTechnologyAnnualActivityUpperLimit,NDP,HON,NS_LU_CUL_CON,,,,2031,,,,,,0.0269
TotalTechnologyAnnualActivityUpperLimit,NDP,HON,NS_LU_CUL_CON,,,,2032,,,,,,0.0276
TotalTechnologyAnnualActivityUpperLimit,NDP,HON,NS_LU_CUL_CON,,,,2033,,,,,,0.0283
TotalTechnologyAnnualActivityUpperLimit,NDP,HON,NS_LU_CUL_CON,,,,2034,,,,,,0.029
TotalTechnologyAnnualActivityUpperLimit,NDP,HON,NS_LU_CUL_CON,,,,2035,,,,,,0.0297
TotalTechnologyAnnualActivityUpperLimit,NDP,HON,NS_LU_CUL_CON,,,,2036,,,,,,0.0303
TotalTechnologyAnnualActivityUpperLimit,NDP,HON,NS_LU_CUL_CON,,,,2037,,,,,,0.031
TotalTechnologyAnnualActivityUpperLimit,NDP,HON,NS_LU_CUL_CON,,,,2038,,,,,,0.0317
TotalTechnologyAnnualActivityUpperLimit,NDP,HON,NS_LU_CUL_CON,,,,2039,,,,,,0.0324
TotalTechnologyAnnualActivityUpperLimit,NDP,HON,NS_LU_CUL_CON,,,,2040,,,,,,0.0331
TotalTechnologyAnnualActivityUpperLimit,NDP,HON,NS_LU_CUL_CON,,,,2041,,,,,,0.0338
TotalTechnologyAnnualActivityUpperLimit,NDP,HON,NS_LU_CUL_CON,,,,2042,,,,,,0.0345
TotalTechnologyAnnualActivityUpperLimit,NDP,HON,NS_LU_CUL_CON,,,,2043,,,,,,0.0352
TotalTechnologyAnnualActivityUpperLimit,NDP,HON,NS_LU_CUL_CON,,,,2044,,,,,,0.0358
TotalTechnologyAnnualActivityUpperLimit,NDP,HON,NS_LU_CUL_CON,,,,2045,,,,,,0.0365
TotalTechnologyAnnualActivityUpperLimit,NDP,HON,NS_LU_CUL_CON,,,,2046,,,,,,0.0372
TotalTechnologyAnnualActivityUpperLimit,NDP,HON,NS_LU_CUL_CON,,,,2047,,,,,,0.0379
TotalTechnologyAnnualActivityUpperLimit,NDP,HON,NS_LU_CUL_CON,,,,2048,,,,,,0.0386
TotalTechnologyAnnualActivityUpperLimit,NDP,HON,NS_LU_CUL_CON,,,,2049,,,,,,0.0393
TotalTechnologyAnnualActivityUpperLimit,NDP,HON,NS_LU_CUL_CON,,,,2050,,,,,,0.04
TotalTechnologyAnnualActivityUpperLimit,NDP,HON,NS_LU_PAS_PER,,,,2018,,,,,,2.9246
TotalTechnologyAnnualActivityUpperLimit,NDP,HON,NS_LU_PAS_PER,,,,2019,,,,,,2.9695
TotalTechnologyAnnualActivityUpperLimit,NDP,HON,NS_LU_PAS_PER,,,,2020,,,,,,3.012
TotalTechnologyAnnualActivityUpperLimit,NDP,HON,NS_LU_PAS_PER,,,,2021,,,,,,3.0223
TotalTechnologyAnnualActivityUpperLimit,NDP,HON,NS_LU_PAS_PER,,,,2022,,,,,,3.0326
TotalTechnologyAnnualActivityUpperLimit,NDP,HON,NS_LU_PAS_PER,,,,2023,,,,,,3.0385
TotalTechnologyAnnualActivityUpperLimit,NDP,HON,NS_LU_PAS_PER,,,,2024,,,,,,3.0385
TotalTechnologyAnnualActivityUpperLimit,NDP,HON,NS_LU_PAS_PER,,,,2025,,,,,,3.0488
TotalTechnologyAnnualActivityUpperLimit,NDP,HON,NS_LU_PAS_PER,,,,2026,,,,,,3.0591
TotalTechnologyAnnualActivityUpperLimit,NDP,HON,NS_LU_PAS_PER,,,,2027,,,,,,3.0694
TotalTechnologyAnnualActivityUpperLimit,NDP,HON,NS_LU_PAS_PER,,,,2028,,,,,,3.0797
TotalTechnologyAnnualActivityUpperLimit,NDP,HON,NS_LU_PAS_PER,,,,2029,,,,,,3.0899
TotalTechnologyAnnualActivityUpperLimit,NDP,HON,NS_LU_PAS_PER,,,,2030,,,,,,3.1002
TotalTechnologyAnnualActivityUpperLimit,NDP,HON,NS_LU_PAS_PER,,,,2031,,,,,,3.1105
TotalTechnologyAnnualActivityUpperLimit,NDP,HON,NS_LU_PAS_PER,,,,2032,,,,,,3.1208
TotalTechnologyAnnualActivityUpperLimit,NDP,HON,NS_LU_PAS_PER,,,,2033,,,,,,3.1311
TotalTechnologyAnnualActivityUpperLimit,NDP,HON,NS_LU_PAS_PER,,,,2034,,,,,,3.1413
TotalTechnologyAnnualActivityUpperLimit,NDP,HON,NS_LU_PAS_PER,,,,2035,,,,,,3.1516
TotalTechnologyAnnualActivityUpperLimit,NDP,HON,NS_LU_PAS_PER,,,,2036,,,,,,3.1619
TotalTechnologyAnnualActivityUpperLimit,NDP,HON,NS_LU_PAS_PER,,,,2037,,,,,,3.1722
TotalTechnologyAnnualActivityUpperLimit,NDP,HON,NS_LU_PAS_PER,,,,2038,,,,,,3.1824
TotalTechnologyAnnualActivityUpperLimit,NDP,HON,NS_LU_PAS_PER,,,,2039,,,,,,3.1927
TotalTechnologyAnnualActivityUpperLimit,NDP,HON,NS_LU_PAS_PER,,,,2040,,,,,,3.203
TotalTechnologyAnnualActivityUpperLimit,NDP,HON,NS_LU_PAS_PER,,,,2041,,,,,,3.2133
TotalTechnologyAnnualActivityUpperLimit,NDP,HON,NS_LU_PAS_PER,,,,2042,,,,,,3.2236
TotalTechnologyAnnualActivityUpperLimit,NDP,HON,NS_LU_PAS_PER,,,,2043,,,,,,3.2338
TotalTechnologyAnnualActivityUpperLimit,NDP,HON,NS_LU_PAS_PER,,,,2044,,,,,,3.2441
TotalTechnologyAnnualActivityUpperLimit,NDP,HON,NS_LU_PAS_PER,,,,2045,,,,,,3.2544
TotalTechnologyAnnualActivityUpperLimit,NDP,HON,NS_LU_PAS_PER,,,,2046,,,,,,3.2647
TotalTechnologyAnnualActivityUpperLimit,NDP,HON,NS_LU_PAS_PER,,,,2047,,,,,,3.275
TotalTechnologyAnnualActivityUpperLimit,NDP,HON,NS_LU_PAS_PER,,,,2048,,,,,,3.2852
TotalTechnologyAnnualActivityUpperLimit,NDP,HON,NS_LU_PAS_PER,,,,2049,,,,,,3.2955
TotalTechnologyAnnualActivityUpperLimit,NDP,HON,NS_LU_PAS_PER,,,,2050,,,,,,3.3058
TotalTechnologyAnnualActivityUpperLimit,NDP,HON,NS_LU_PAS_CON,,,,2018,,,,,,0.0765
TotalTechnologyAnnualActivityUpperLimit,NDP,HON,NS_LU_PAS_CON,,,,2019,,,,,,0.0765
TotalTechnologyAnnualActivityUpperLimit,NDP,HON,NS_LU_PAS_CON,,,,2020,,,,,,0.0765
TotalTechnologyAnnualActivityUpperLimit,NDP,HON,NS_LU_PAS_CON,,,,2021,,,,,,0.0765
TotalTechnologyAnnualActivityUpperLimit,NDP,HON,NS_LU_PAS_CON,,,,2022,,,,,,0.0765
TotalTechnologyAnnualActivityUpperLimit,NDP,HON,NS_LU_PAS_CON,,,,2023,,,,,,0.0765
TotalTechnologyAnnualActivityUpperLimit,NDP,HON,NS_LU_PAS_CON,,,,2024,,,,,,0.0765
TotalTechnologyAnnualActivityUpperLimit,NDP,HON,NS_LU_PAS_CON,,,,2025,,,,,,0.0797
TotalTechnologyAnnualActivityUpperLimit,NDP,HON,NS_LU_PAS_CON,,,,2026,,,,,,0.0829
TotalTechnologyAnnualActivityUpperLimit,NDP,HON,NS_LU_PAS_CON,,,,2027,,,,,,0.0862
TotalTechnologyAnnualActivityUpperLimit,NDP,HON,NS_LU_PAS_CON,,,,2028,,,,,,0.0894
TotalTechnologyAnnualActivityUpperLimit,NDP,HON,NS_LU_PAS_CON,,,,2029,,,,,,0.0926
TotalTechnologyAnnualActivityUpperLimit,NDP,HON,NS_LU_PAS_CON,,,,2030,,,,,,0.0959
TotalTechnologyAnnualActivityUpperLimit,NDP,HON,NS_LU_PAS_CON,,,,2031,,,,,,0.0991
TotalTechnologyAnnualActivityUpperLimit,NDP,HON,NS_LU_PAS_CON,,,,2032,,,,,,0.1023
TotalTechnologyAnnualActivityUpperLimit,NDP,HON,NS_LU_PAS_CON,,,,2033,,,,,,0.1055
TotalTechnologyAnnualActivityUpperLimit,NDP,HON,NS_LU_PAS_CON,,,,2034,,,,,,0.1088
TotalTechnologyAnnualActivityUpperLimit,NDP,HON,NS_LU_PAS_CON,,,,2035,,,,,,0.112
TotalTechnologyAnnualActivityUpperLimit,NDP,HON,NS_LU_PAS_CON,,,,2036,,,,,,0.1152
TotalTechnologyAnnualActivityUpperLimit,NDP,HON,NS_LU_PAS_CON,,,,2037,,,,,,0.1184
TotalTechnologyAnnualActivityUpperLimit,NDP,HON,NS_LU_PAS_CON,,,,2038,,,,,,0.1217
TotalTechnologyAnnualActivityUpperLimit,NDP,HON,NS_LU_PAS_CON,,,,2039,,,,,,0.1249
TotalTechnologyAnnualActivityUpperLimit,NDP,HON,NS_LU_PAS_CON,,,,2040,,,,,,0.1281
TotalTechnologyAnnualActivityUpperLimit,NDP,HON,NS_LU_PAS_CON,,,,2041,,,,,,0.1314
TotalTechnologyAnnualActivityUpperLimit,NDP,HON,NS_LU_PAS_CON,,,,2042,,,,,,0.1346
TotalTechnologyAnnualActivityUpperLimit,NDP,HON,NS_LU_PAS_CON,,,,2043,,,,,,0.1378
TotalTechnologyAnnualActivityUpperLimit,NDP,HON,NS_LU_PAS_CON,,,,2044,,,,,,0.141
TotalTechnologyAnnualActivityUpperLimit,NDP,HON,NS_LU_PAS_CON,,,,2045,,,,,,0.1443
TotalTechnologyAnnualActivityUpperLimit,NDP,HON,NS_LU_PAS_CON,,,,2046,,,,,,0.1475
TotalTechnologyAnnualActivityUpperLimit,NDP,HON,NS_LU_PAS_CON,,,,2047,,,,,,0.1507
TotalTechnologyAnnualActivityUpperLimit,NDP,HON,NS_LU_PAS_CON,,,,2048,,,,,,0.154
TotalTechnologyAnnualActivityUpperLimit,NDP,HON,NS_LU_PAS_CON,,,,2049,,,,,,0.1572
TotalTechnologyAnnualActivityUpperLimit,NDP,HON,NS_LU_PAS_CON,,,,2050,,,,,,0.1604
TotalTechnologyAnnualActivityUpperLimit,NDP,HON,NS_LAT_CON,,,,2018,,,,,,0.0
TotalTechnologyAnnualActivityUpperLimit,NDP,HON,NS_LAT_CON,,,,2019,,,,,,0.0
TotalTechnologyAnnualActivityUpperLimit,NDP,HON,NS_LAT_CON,,,,2020,,,,,,0.0
TotalTechnologyAnnualActivityUpperLimit,NDP,HON,NS_LAT_CON,,,,2021,,,,,,0.0
TotalTechnologyAnnualActivityUpperLimit,NDP,HON,NS_LAT_CON,,,,2022,,,,,,0.0
TotalTechnologyAnnualActivityUpperLimit,NDP,HON,NS_LAT_CON,,,,2023,,,,,,0.0
TotalTechnologyAnnualActivityUpperLimit,NDP,HON,NS_LAT_CON,,,,2024,,,,,,0.0
TotalTechnologyAnnualActivityUpperLimit,NDP,HON,NS_LAT_CON,,,,2025,,,,,,0.0
TotalTechnologyAnnualActivityUpperLimit,NDP,HON,NS_LAT_CON,,,,2026,,,,,,0.0
TotalTechnologyAnnualActivityUpperLimit,NDP,HON,NS_LAT_CON,,,,2027,,,,,,0.0
TotalTechnologyAnnualActivityUpperLimit,NDP,HON,NS_LAT_CON,,,,2028,,,,,,0.0
TotalTechnologyAnnualActivityUpperLimit,NDP,HON,NS_LAT_CON,,,,2029,,,,,,0.0
TotalTechnologyAnnualActivityUpperLimit,NDP,HON,NS_LAT_CON,,,,2030,,,,,,0.0
TotalTechnologyAnnualActivityUpperLimit,NDP,HON,NS_LAT_CON,,,,2031,,,,,,0.0
TotalTechnologyAnnualActivityUpperLimit,NDP,HON,NS_LAT_CON,,,,2032,,,,,,0.0
TotalTechnologyAnnualActivityUpperLimit,NDP,HON,NS_LAT_CON,,,,2033,,,,,,0.0
TotalTechnologyAnnualActivityUpperLimit,NDP,HON,NS_LAT_CON,,,,2034,,,,,,0.0
TotalTechnologyAnnualActivityUpperLimit,NDP,HON,NS_LAT_CON,,,,2035,,,,,,0.0
TotalTechnologyAnnualActivityUpperLimit,NDP,HON,NS_LAT_CON,,,,2036,,,,,,0.0
TotalTechnologyAnnualActivityUpperLimit,NDP,HON,NS_LAT_CON,,,,2037,,,,,,0.0
TotalTechnologyAnnualActivityUpperLimit,NDP,HON,NS_LAT_CON,,,,2038,,,,,,0.0
TotalTechnologyAnnualActivityUpperLimit,NDP,HON,NS_LAT_CON,,,,2039,,,,,,0.0
TotalTechnologyAnnualActivityUpperLimit,NDP,HON,NS_LAT_CON,,,,2040,,,,,,0.0
TotalTechnologyAnnualActivityUpperLimit,NDP,HON,NS_LAT_CON,,,,2041,,,,,,0.0
TotalTechnologyAnnualActivityUpperLimit,NDP,HON,NS_LAT_CON,,,,2042,,,,,,0.0
TotalTechnologyAnnualActivityUpperLimit,NDP,HON,NS_LAT_CON,,,,2043,,,,,,0.0
TotalTechnologyAnnualActivityUpperLimit,NDP,HON,NS_LAT_CON,,,,2044,,,,,,0.0
TotalTechnologyAnnualActivityUpperLimit,NDP,HON,NS_LAT_CON,,,,2045,,,,,,0.0
TotalTechnologyAnnualActivityUpperLimit,NDP,HON,NS_LAT_CON,,,,2046,,,,,,0.0
TotalTechnologyAnnualActivityUpperLimit,NDP,HON,NS_LAT_CON,,,,2047,,,,,,0.0
TotalTechnologyAnnualActivityUpperLimit,NDP,HON,NS_LAT_CON,,,,2048,,,,,,0.0
TotalTechnologyAnnualActivityUpperLimit,NDP,HON,NS_LAT_CON,,,,2049,,,,,,0.0
TotalTechnologyAnnualActivityUpperLimit,NDP,HON,NS_LAT_CON,,,,2050,,,,,,0.0
